연번,원문,이지리드 문장,시각자료,명칭,검색어
,,,그림,,
1,이 사건 소를 각하한다.,이 소송은 받아주지 않는다.,,각하,"소각하, 소송요건"
,,,그림,,
2,원고의 청구를 기각한다.,원고가 원하는대로 해줄 수 없다.,,청구기각,기각
,,,그림,,
3,피고인을 징역 1년에 처한다.,김이박은 1년 동안 감옥에 갇혀 있어야 한다.,,징역,유기징역
,,,그림,,
4,피고인을 벌금 300만 원에 처한다.,김이박은 벌금 300만 원을 내야한다.,,벌금,-
,,,그림,,
5,피고인은 무죄.,김이박은 죄가 없다.,,무죄1,"무죄, 선고, 판사봉"
,,,그림,,
6,피고인은 무죄.,김이박은 죄가 없다.,,무죄2,"구속, 수갑, 무죄"
,(구속 사건의 경우),,,,
,,,,,
,,,,,
연번,원문,이지리드 문장,시각자료,명칭,검색어
,"피고인을 징역 6월에 처한다. 다만, 이 판결",1) 박수춘은 죄를 지었으므로 원래 6개월 동안 감옥에 갇혀 있어야 한다. 그러나 박수춘은 지금 감옥에 가지 않는다.,그림,,
7,확정일부터 2년간 위 형의 집행을 유예한다.,,,징역형의 집행유예 1/2,"징역, 집유, 집행유예"
,,"2) 만약 박수춘이 2년 안에 다른 죄를 지어서 감옥에 가면, 여기서 정한 6개월도 더하여 감옥에 갇혀 있어야 한다.",그림,,
,,"만약 박수춘이 2년 동안 다른 죄를 짓지 않으면, 감옥에 가지 않는다.",,,
8,,,,징역형의 집행유예 2/2,"징역, 집유, 집행유예"
,피고인을 벌금 100만 원에 처한다.,1) 박수춘은 죄를 지었으므로 원래 벌금 100만 원을 내야한다.,그림,,
,"다만, 이 판결 확정일부터 2년간 위 형의 집행을 유예한다.",그러나 박수춘은 지금 벌금을 내지 않는다. 지금 당장 벌금을 낼 정도의 잘못은 아니기 때문이다.,,,
9,,,,벌금형의 집행유예 1/2,"벌금, 집유, 집행유예"
,,2) 일단 앞으로 2년 동안 어떻게 지내는지를 살펴본다.,그림,,
,,"만약 박수춘이 2년 안에 다른 죄를 지어서 감옥에 가면, 여기서 정한 벌금 100만 원도 내야 한다. 만약 박수춘이 2년 동안 다른 죄를 짓지 않으면, 벌금을 내지 않는다.",,,
,,,,벌금형의 집행유예 2/2,
10,,,,,"벌금의 집행유예, 죄"
,,,그림,,
,,,,,
11,피고인이 벌금을 납입하지 아니하는 경우 노역장에 유치한다.,"만약 김을동이 벌금을 안 내면, 나라에서 김을동을 감옥에 가둘 수 있다.",,노역장 유치1/2,"벌금, 노역장, 감옥"
,,,,,
,,,,,
연번,원문,이지리드 문장,시각자료,명칭,검색어
,,,그림,,
,,,,,
,,,,,
,,"김을동을 가둘 경우, 벌금에서 하루에 10만 원씩을 뺀다. 김을동은 남은 벌금이 없을 때 풀려난다.",,,
12,10만 원을 1일로 환산한 기간을 노역장에 유치한다.,,,노역장 유치 2/2(1),"노역장, 감옥, 10만 원 1일 환산"
,,,그림,,
,,,,,
,,,,,
,,"김을동을 가둘 경우, 벌금에서 하루에 5만 원씩을 뺀다. 김을동은 남은 벌금이 없을 때 풀려난다.",,,
13,5만 원을 1일로 환산한 기간을 노역장에 유치한다.,,,노역장 유치 2/2(2),"노역장, 감옥,"
,,,,,5만 원
,,,,,1일 환산
,,1) 병은 감옥에 4개월 갇혀 있어야 할 정도로 잘못했다.,그림,,
,피고인에 대한 형의 선고를 유예한다. (징역형),그렇지만 지금 당장 감옥에 가지는 않는다.,,선고유예,
14,,감옥에 가라고 할지는 2년 후에 확실히 정한다.,,(징역) 1/2,"감옥, 선고"
,,,그림,,
15,,2) 다른 죄를 짓지 않고,,선고유예,감옥
,,2년이 지나면 감옥에 가지 않는다.,,(징역) 2/2,
,,,,,
,,,,,
연번,원문,이지리드 문장,시각자료,명칭,검색어
,,1) 병은 벌금 100만 원을 내야할 정도로 잘못했다. 그렇지만 지금 당장 벌금을 내지는 않는다.,그림,,
,피고인에 대한 형의 선고를 유예한다. (벌금형),벌금을 내라고 할지는 2년 후에 확실히 정한다.,,선고유예,
16,,,,(벌금) 1/2,-
,,,그림,,
,,,,선고유예,
17,,2) 다른 죄를 짓지 않고 2년이 지나면 벌금은 없어진다.,,(벌금) 2/2,-
,,,그림,,
,피고인에 대한 판결의 요지를 공시한다.,김이박에게 더이상 죄가 없다는 사실을 많은 사람에게 알린다.,,,
18,,,,무죄판결 공시,"무죄, 판결, 요지, 공시"
,,,그림,,
,압수된 칼 1자루 (증 제1호)를 피고인 갑으로부터 몰수한다.,"경찰이 가져간 칼 1자루는 나라에서 알아서 처리하고, 갑에게 돌려주지 않는다.",,,
19,,,,몰수,"증거, 증거몰수"
,,,그림,,
,,,,,
,,,,,
,피고인은 심신상실 상태로 형범 제10조에 따라 책임을 면할 수 있다.,김이박은 정신장애가 있다. 그래서 자신의 행동이 범죄라는 것을 전혀 몰랐다. 김이박을 처벌할 수 없다.,,,
20,,,,심신상실 1,정신장애
,,,,,
,,,,,
연번,원문,이지리드 문장,시각자료,명칭,검색어
,,,그림,,
,,,,,
,,,,,
21,피고인은 심신상실 상태로 형범 제10조에 따라 책임을 면할 수 있다.,김이박은 정신장애가 있다. 장애로 자신의 행동을 참을 수가 없었다. 김이박을 처벌할 수 없다.,,심신상실 2,정신장애
,,,그림,,
22,피치료감호청구인을 치료감호에 처한다.,김이박은 국립법무병원에 갇혀서 치료를 받아야한다.,,치료감호,"치료, 국립법무 병원"
,,,그림,,
23,피고인에게 보호관찰을 받을 것을 명한다.,김이박은 자기 집에 살면서 보호관찰관의 지시에 따라서 바르게 생활해야 한다.,,보호관찰,보호관찰관
,피고인에게 40시간의 스토킹 치료프로그램 이수를 명한다.,,그림,,
24,,김이박은 스토킹을 하지 말라는 강의를 40시간 들어야 한다.,,"수강명령 (스토킹, 40시간)","스토킹, 치료, 강의"
,피고인에게 40시간의 사회봉사를 명한다.,,그림,,
25,,김이박은 40시간 동안 봉사활동을 해야 한다.,,사회봉사,"봉사, 봉사활동"
,,,,(40시간),
,피고인에게 40시간의 성폭력 치료강의 수강을 명한다.,,그림,,
26,,김이박은 40시간 동안 성폭력을 다시 저지르면 안 된다는 강의를 들어야 한다.,,치료강의 수강명령 (성폭력),"성폭력, 치료, 강의"
,,,,,
,,,,,
연번,원문,이지리드 문장,시각자료,명칭,검색어
,,,그림,,
27,"피해자에게 연락, 접근 금지를 명한다.","김이박은 피해자에게 연락하거나 피해자의 집, 직장 등에 찾아가면 안된다.",,접근 금지,"피해자, 집,"
,,,,,"직장, 연락, 금지"
,"피고인에 대하여 아동, 청소년 관련기관 등과 장애인 관련기관에 각 3년간 취업제한을 명한다.","김이박은 앞으로 3년 동안 아동, 청소년, 장애인이 이용하는 복지관이나 시설에 취업할 수 없다.",그림,,
28,,,,취업 제한 명령,"복지관, 시설, 어린이집, 청소년 센터"
,,,그림,,
,피고인에게 40시간의 준법운전강의 수강을 명한다.,김이박은 바른 운전 규칙을 배우는 강의를 40시간 들어야 한다.,,수강명령,"운전, 준법, 강의"
29,,,,(운전),
,,,그림,,
,압수한 휴대폰을 피해자에게 교부한다.,경찰은 □□□으로부터 빼앗은 휴대폰 1대를,,,"압수증거, 교부, 휴대폰, 경찰"
30,,○○○에게 준다.,,피해자교부,
,매일 20시부터 다음날 06시까지 피고인의 주거지 밖으로 외출하지 말아야 한다.,,그림,,
,,김이박은 매일 20시부터 다음날 06시까지 집 밖으로 나가면 안 된다.,,외출금지,"외출, 주거지, 금지"
31,,,,01월 02일,
,,어쩔 수 없이 밖으로 나가야 한다면 미리 보호관찰관*에게 말해야 한다.,그림,,
,부득이 외출하여야 하는 경우에는 미리 보호관찰관에게 신고해야 한다.,*보호관찰관 : 범죄를 저질렀지만 감옥에 가지 않고 정해진 기간 동안 감시를 받아야 하는 사람을 감시하는 사람,,,
32,,,,외출금지,"외출, 보호관찰관, 신고"
,,,,02월 02일,
,,,,,
,,,,,
연번,원문,이지리드 문장,시각자료,명칭,검색어
,,,그림,,
,,,,,
33,공무집행방해죄에 해당한다.,경찰이 일을 제대로 할 수 없게 방해했다.,,공무집행 방해,"경찰, 공무, 방해"
,,,그림,,
,,,,,
34,업무방해죄에 해당한다.,술을 먹고 시끄럽게 해 식당이 영업을 못하게 막았다.,,업무방해,"술, 식당, 영업"
,,,그림,,
35,사기죄에 해당한다.,거짓말로 속이며 돈을 빼앗았다.,,사기 1,"거짓말, 금전"
,,,그림,,
,,,,,
36,사기죄에 해당한다.,거짓말로 속여 돈을 받았다.,,사기 2,"거짓말, 금전"
,,,그림,,
,,000이 잘 모르는 것을 이용해 돈을 받았다.,,,
37,준사기에 해당한다.,,,준사기,"사기, 금전"
,,,그림,,
,,,,절도,
38,절도를 저질렀다. 1,다른 사람의 물건을 훔쳤다.,,"(상점, 물건)",-
,,,,,
,,,,,
연번,원문,이지리드 문장,시각자료,명칭,검색어
,,,그림,,
,,은행에서 다른 사람의 돈을 훔쳤다.,,절도,
39,절도를 저질렀다. 2,,,"(ATM, 돈)","은행,"
,,,그림,,
,,,,절도,
40,절도를 저질렀다. 3,다른 사람의 물건을 훔쳐 차에 실었다.,,(차량 이용),"차, 물건"
,,,그림,,
,,카페에서 다른 사람의 휴대폰을 훔쳤다.,,절도,
41,절도를 저질렀다. 4,,,(휴대폰),카페
,,,그림,,
,,카페에서 다른 사람의 노트북을 훔쳤다.,,절도,
42,절도를 저질렀다. 5,,,(노트북),카페
,,,그림,,
,야간에 창문을 손괴하고 타인의 주거지에 침입하여 돈을 훔쳤다.,밤에 유리창을 깨고 다른 사람의 집에 몰래 들어가 물건을 훔쳤다.,,특수절도 (야간손괴 후 침입절도),"침입, 야간, 유리창, 귀중품"
43,,,,,
,,,그림,,
,흉기를 소지하고 물건을 훔쳤다.,흉기를 가지고 다른 사람의 물건을 훔쳤다.,,특수절도 (흉기휴대 절도),
44,,,,,"흉기, 물건"
,,,,,
,,,,,
연번,원문,이지리드 문장,시각자료,명칭,검색어
,,,그림,,
,피고인들은 합동하여 절도하였다.,,,특수절도,"공동, 협력, 물건"
45,,둘이 함께 물건을 훔쳤다.,,(합동절도),
,,,그림,,
,흉기를 이용하여 협박하고 돈을 빼앗았다.,,,,"흉기, 칼, 금전"
46,,칼로 겁을 주며 돈을 빼앗았다.,,특수강도,
,,,그림,,
,,,,,
47,물건을 손괴하였다.,물건을 일부러 망가뜨렸다.,,재물손괴,물건
,,,그림,,
,방화를 고의로 저지른 사실이 인정된다.,,,,
48,,건물에 일부러 불을 질렀다.,,방화죄,"불, 고의"
,,,그림,,
,주거에 무단으로 침입한 사실이 인정된다.1,,,,"집, 무단, 허락"
49,,집에 허락없이 들어갔다.,,주거침입 1,
,,,그림,,
,주거에 무단으로 침입한 사실이 인정된다.2,집에 들어가겠다고 계속 문을 두드리고 벨을 눌렀다.,,,"집, 무단,"
50,,,,주거침입 2,"초인종, 문, 소음, 벨"
,,,,,
,,,,,
연번,원문,이지리드 문장,시각자료,명칭,검색어
,,,그림,,
,주거에 무단으로 침입한 사실이 인정된다.3,몰래 뒤따라 가다 집까지 따라 들어갔다.,,,"집, 무단, 스토킹"
51,,,,주거침입 3,
,,,그림,,
,주거에 무단으로 침입한 사실이 인정된다.4,층간소음으로 힘들다며 집에 허락없이 들어왔다.,,,"집, 무단, 허락, 층간소음"
52,,,,주거침입 4,
,,,그림,,
,주거에 무단으로 침입한 사실이 인정된다.5,,,,
53,,베란다를 통해 몰래 들어갔다.,,주거침입 5,"집, 무단, 베란다"
,,,그림,,
,신체적 상해를 입힌 사실이 인정된다.,,,,
54,,때려서 다치게 했다.,,상해,"신체, 폭행"
,,,그림,,
,신체적 해를 가하겠다고 위협한 사실이 인정된다.,죽이겠다고 말하여 겁을 주었다.,,,"신체, 위협, 겁"
55,,,,협박 1,
,,,그림,,
,신체적 해를 가하겠다고 위협한 사실이 인정된다.,때리겠다고 말하여 겁을 주었다.,,,"신체, 위협, 겁, 폭행"
56,,,,협박 2,
,,,,,
,,,,,
연번,원문,이지리드 문장,시각자료,명칭,검색어
,,,그림,,
,개인적인 정보를 인터넷에 공개하겠다고 위협한 사실이 인정된다.,인터넷에 글을 올리겠다고 하여 겁을 주었다.,,,"정보, 인터넷, 공개, 겁"
57,,,,협박 3,
,,,그림,,
,신체적 접촉을 강제로 시도한 사실이 인정된다.,상대가 싫다고 하는데 억지로 몸을 만지는 등 성적 행위를 강제로 하였다.,,,"신체, 접촉, 몸"
58,,,,강제추행,
,피해자에게 폭력을 사용하거나 위협하여 강제로 성관계를 가졌다.,,그림,,
59,,때리고 겁을 주며 억지로 성적 행위를 했다.,,강간,"폭력, 위협, 강제, 성관계"
,,,그림,,
,,피해자가 장애로 인해 피할 수 없는 상태에서 억지로 성적 행위를 했다.,,,"장애, 강제, 성관계"
60,준강간,,,준강간,
,,,그림,,
,,,,,
61,보이스피싱 사기,전화로 거짓말을 해서 돈을 빼앗았다.,,보이스피싱,"금전, 전화, 거짓말"
,,,그림,,
,,,,,
62,횡령죄,자신이 관리하는 공금(돈)을 몰래 빼돌렸다.,,횡령죄,"불법, 공금"
,,,,,
,,,,,
연번,원문,이지리드 문장,시각자료,명칭,검색어
,,,그림,,
,피해자에게 폭력을 사용하거나 위협하여 재산을 강탈한 사실이 인정된다.,때리고 겁을 주면서 돈을 빼앗았다.,,,"폭력, 위협, 돈"
63,,,,강도죄,
,,,그림,,
,피해자를 발로 밟아 신체적 상해를 입힌 사실이 인정된다.,,,,
64,,피해자를 발로 밟고 때렸다.,,폭행(발),"폭령, 상해"
,,,그림,,
,피해자에게 음료수를 뿌려 폭행하였다.,,,,
65,,음료를 뿌렸다.,,폭행(음료),"폭력, 상해"
,,,그림,,
,피해자에게 큰 소리로 욕설을 하여 폭행하였다.,,,,"욕설, 정신적, 고통"
66,,욕을 했다.,,폭행(욕),
,,,그림,,
,,,,스토킹,
67,스토킹(사진 촬영),상대방을 따라다니며 사진을 찍었다.,,(사진 촬영),사생활
,피해자가 원하지 않음에도 불구하고 지속적으로 따라다니며 괴롭힌 사실이 인정된다.,,그림,,
,,상대방이 싫다고 하는데도 계속 따라다녔다.,,스토킹,
68,,,,(따라다님),괴롭힘
,,,,,
,,,,,
연번,원문,이지리드 문장,시각자료,명칭,검색어
,피해자가 원하지 않음에도 불구하고 반복적으로 연락을 시도하여 괴롭힌 사실이 인정된다.,,그림,,
,,,,스토킹,
69,,상대방이 싫다고 하는데도 계속 연락했다.,,(연락),"전화, 문자"
,"피해자의 동의 없이 성적인 행위를 촬영하고, 해당 영상을 인터넷에 게시한 사실이 인정된다.",,그림,,
,,억지로 성적인 행위를 촬영해서 인터넷에 올렸다.,,,"영상, 촬영, 인터넷 업로드"
70,,,,성착취,
,,,그림,,
71,피해자에게 강제로 성적인 행동을 한 사실이 인정된다.,억지로 성관계를 맺었다.,,성폭력,"강제, 성관계"
,피해자에게 반복적으로 신체 접촉을 하며 피해자의 인격과 존엄성을 침해한 사실이 인정된다.,,그림,,
,,,,,
72,,싫어하는데도 어깨를 주무르는 등 몸을 만졌다.,,성희롱,"강제, 신체 접촉, 몸"
,피해자인 친족의 동의 없이 피해자의 재산에서 돈을 몰래 가져간 사실이 인정된다.,,그림,,
,,,,친족상도례,
73,,아버지가 잘 때 돈을 몰래 훔쳤다.,,(절도),"재산, 금전"
,,,그림,,
,,,,,"증인, 심문, 상해진단서, 사진"
74,증거 요지,"증인의 이야기, 상해진단서와 사진 등을 확인하였다.",,증거 요지,
,,,,,
,,,,,
연번,원문,이지리드 문장,시각자료,명칭,검색어
,,,그림,,
,,,,증거,
75,증거(진단서),진단서를 확인했다.,,(진단서),"증인, 심문"
,,,그림,,
76,증거(사진),피해 사실이 촬영된 사진을 확인했다.,,증거,"증인, 심문"
,,,,(사진),
,,"피고인으로부터 맞을 때와 그 후에 어떤 일이 있었는지 똑같이 여러 번 말했다. 거의 같은 내용으로 여러번 경찰,검찰,법원에서 각각 말했다.",그림,,
,,,,"일관된 진술(경찰,","진술 일관성, 동일, 피해자, 증인"
77,일관된 진술,,,"검찰, 법원)",
,"(경찰, 검찰, 법원)",,,,
,,,그림,,
,,"피고인으로부터 맞을 때와 그 후에 어떤 일이 있었는지 똑같이 여러 번 말했다. 거의 같은 내용으로 여러번 경찰, 법원에서 각각 말했다.",,일관된 진술,"진술 일관성, 동일, 피해자, 증인"
78,일관된 진술,,,"(경찰, 법원)",
,"(경찰, 법원)",,,,
,,"피고인으로부터 맞을 때와 그 후에 어떤 일이 있었는지 똑같이 여러 번 말했다. 거의 같은 내용으로 여러번 검찰, 법원에서 각각 말했다.",그림,,
,일관된 진술,,,일관된 진술,"진술 일관성, 동일, 피해자, 증인"
79,"(검찰, 법원)",,,"(검찰, 법원)",
,,,그림,,
,사실에 부합하는 진술(판사),판사에게 어떤 일이 있었는지 이야기한 것이 실제 사건 내용과 같다.,,사실에 부합하는 진술 (판사),
80,,,,,-
,,,,,
,,,,,
연번,원문,이지리드 문장,시각자료,명칭,검색어
,,,그림,,
81,사실에 부합하는 진술(경찰),경찰에게 어떤 일이 있었는지 이야기한 것이 실제 사건 내용과 같다.,,사실에 부합하는 진술 (경찰),-
,,,그림,,
,사실에 부합하는 진술(검찰),검사에게 어떤 일이 있었는지 이야기한 것이 실제 사건 내용과 같다.,,사실에 부합하는 진술 (검찰),
82,,,,,-
,,,그림,,
83,진술과 증거 일치,"맞았다고 진술한 내용과 실제 상처 사진, 상해진단서의 내용이 같다.",,진술과 증거 일치,"사진, 상해, 진단서, 같다"
,,,그림,,
,,,,사실에 부합하는 진술,
84,사실에 부합하는 진술,맞았다고 진술한 내용이 실제 사실과 같다.,,,사실
,,,그림,,
85,사진에 부합하는 상해 사진,상해 사진이 실제 사실과 같다.,,사진에 부합하는 상해 사진,사실
,,,그림,,
,,,,,
86,사진에 부합하는 진단서,진단서가 실제 사실과 같다.,,사진에 부합하는 진단서,사실
,,,,,
,,,,,
연번,원문,이지리드 문장,시각자료,명칭,검색어
,,,그림,,
87,같다,-,,같다,일치
,,,그림,,
88,전문진술,증인은 피고인으로부터 같은 말을 들었다고 했다.,,전문진술 (피고인 발언 내용),"증인, 경찰"
,(피고인 발언 내용),,,,
,,,그림,"유리한 정상(동종 전과 없음, 보이스 피싱)",
89,동종 사기 전과가 없다.,이전에 보이스피싱 범죄를 저지른 적이 없다.,,,"은행, 금전"
,,이전에 횡령죄를 저지른 적이 없다.,그림,"유리한 정상(동종 전과 없음, 횡령)",
90,동종 횡령 전과가 없다.,*횡령죄 : 다른 사람의 재산을 관리하는 사람이 몰래 재산을 빼돌리는 것,,,"공금, 금전"
,,,그림,"유리한 정상(동종 전과 없음, 강도)",
91,동종 강도 전과가 없다.,이전에 강도짓을 한 적이 없다.,,,-
,,,그림,"유리한 정상(동종 전과 없음, 폭행, 발로 밟다)",
92,동종 폭행 전과가 없다.,이전에 다른 사람을 때린 적이 없다.,,,-
,,,그림,"유리한 정상(동종 전과 없음, 폭행, 음료를 뿌리다)",
93,동종 폭행 전과가 없다.,이전에 다른 사람에게 음료를 뿌린 적이 없다.,,,-
,,,,,
,,,,,
연번,원문,이지리드 문장,시각자료,명칭,검색어
,,,그림,"유리한 정상(동종 전과 없음, 폭행, 욕하다)",
94,동종 폭행 전과가 없다.,이전에 다른 사람에게 욕을 한 적이 없다.,,,-
,,,그림,"유리한 정상(동종 전과 없음, 스토킹, 사진 촬영)",
95,동종 스토킹 전과가 없다.,이전에도 몰래 사진을 찍으며 스토킹을 한 적이 없다.,,,-
,,,그림,"유리한 정상(동종 전과 없음, 스토킹, 따라다님)",
,동종 스토킹 전과가 없다.,이전에도 계속 따라다니며 스토킹을 한 적이 없다.,,,
96,,,,,-
,,,그림,"유리한 정상(동종 전과 없음, 스토킹, 연락)",
97,동종 스토킹 전과가 없다.,이전에도 계속 연락을 하며 스토킹을 한 적이 없다.,,,-
,,,그림,"유리한 정상(동종 전과 없음, 성착취)",
98,동종 성착취 전과가 없다.,이전에 다른 사람을 성적으로 괴롭힌 적이 없다.,,,-
,,,그림,"유리한 정상(동종 전과 없음, 성폭력)",
99,동종 성폭력 전과가 없다.,이전에 성폭력을 저지른 적이 없다.,,,-
,,,그림,"유리한 정상(동종 전과 없음, 성범죄)",
100,동종 성범죄 전과가 없다.,이전에 성범죄를 저지른 적이 없다.,,,-
,,,,,
,,,,,
연번,원문,이지리드 문장,시각자료,명칭,검색어
,,,그림,"유리한 정상(동종 전과 없음, 강간)",
101,동종 강간 전과가 없다.,이전에 강간을 저지른 적이 없다.,,,-
,,,그림,"유리한 정상(동종 전과 없음, 강제추행)",
102,동종 강제추행 전과가 없다.,이전에 강제추행을 한 적이 없다.,,,-
,,,그림,"유리한 정상(동종 전과 없음, 공무집행 방해)",
103,동종 공무집행방해 전과가 없다.,이전에 공무집행방해를 한 적이 없다.,,,경찰
,,,그림,"유리한 정상(동종 전과 없음, 기물파손)",
104,동종 기물파손 전과가 없다.,이전에 기물을 망가뜨린 적이 없다.,,,물건
,,,그림,,
,동종 방화 전과가 없다.,이전에 일부러 불을 지른 적이 없다.,,"유리한 정상(동종 전과 없음, 방화)",
105,,,,,불
,,,그림,"유리한 정상(동종 전과 없음, 사기)",
106,동종 사기 전과가 없다.,이전에 사기를 친 적이 없다.,,,돈
,,,그림,,
107,동종 상해 전과가 없다.,이전에 다른 사람을 다치게 한 적이 없다.,,"유리한 정상(동종 전과, 상해)",폭행
,,,,,
,,,,,
연번,원문,이지리드 문장,시각자료,명칭,검색어
,,,그림,"유리한 정상(동종 전과 없음, 영업방해)",
108,동종 영업방해 전과가 없다.,이전에 영업방해를 한 적이 없다.,,,영업
,,,그림,"유리한 정상(동종 전과 없음, 절도)",
109,동종 절도 전과가 없다.,이전에 물건을 훔친 적이 없다.,,,물건
,,,그림,,
,동종 절도 전과가 없 다.,이전에 은행에서 돈을 훔친 적 이 없다.,,"유리한 정상(동종 전과 없음, 절도, ATM)",
110,,,,,"은행, 금전"
,,,그림,"유리한 정상(동종 전과 없음, 절도, 차량)",
111,동종 절도 전과가 없 다.,이전에 물건을 훔쳐 차에 실은 적이 없다.,,,"차, 물건"
,,,그림,"유리한 정상(동종 전과 없음, 절도, 핸드폰)",
112,동종 절도 전과가 없 다.,이전에 카페에서 핸드폰을 훔 친 적이 없다.,,,"카페, 물건"
,,,그림,"유리한 정상(동종 전과 없음, 주거침입 1)",
113,동종 주거침입 전과가 없다.,이전에도 집에 허락없이 들어갔다.,,,"집, 무단, 허락"
,,,그림,"유리한 정상(동종 전과 없음, 주거침입 2)","집, 무단,"
114,동종 주거침입 전과가 없다.,이전에도 집에 들어가겠다고 계속 문을 두드리고 벨을 눌렀다.,,,"초인종, 문, 소음, 벨"
,,,,,
,,,,,
연번,원문,이지리드 문장,시각자료,명칭,검색어
,,,그림,"유리한 정상(동종 전과 없음, 주거침입 3)",
115,동종 주거침입 전과가 없다.,이전에도 몰래 뒤따라 가다 집까지 따라 들어갔다.,,,"집, 무단, 스토킹"
,,이전에도 층간소음으로 힘들다며 집에 허락없이 들어왔다.,그림,"유리한 정상(동종 전과 없음, 주거침입 4)","집, 무단, 허락, 층간소음"
116,동종 주거침입 전과가 없다.,,,,
,,,그림,"유리한 정상(동종 전과 없음, 주거침입 5)",
117,동종 주거침입 전과가 없다.,이전에도 베란다를 통해 몰래 들어갔다.,,,"집, 무단, 베란다"
,,,그림,"유리한 정상(동종 전과 없음, 준강간)",
118,동종 준강간 전과가 없다.,이전에 준강간을 저지른 적이 없다.,,,-
,,,그림,"유리한 정상(동종 전과 없음, 사기)",
119,동종 사기 전과가 없다.,이전에 사기를 저지른 적이 없다.,,,-
,,,그림,"유리한 정상(동종 전과 없음, 특수절도, 야간침입)",
120,동종 특수절도 전과가 없다.,이전에 다른 사람 집에 몰래 들어가 물건을 훔친 적이 없다.,,,"집, 물건"
,,,그림,"유리한 정상(동종 전과, 특수절도, 흉기)",
121,동종 특수절도 전과가 없다.,이전에 흉기를 가지고 다른 사람의 물건을 훔친 적이 없다.,,,"칼, 물건"
,,,그림,"유리한 정상(동종 전과 없음, 특수절도, 공동범행)",
122,동종 특수절도 전과가 없다.,이전에 다른 사람과 함께 물건을 훔친 적이 없다.,,,물건
,,,,,
,,,,,
연번,원문,이지리드 문장,시각자료,명칭,검색어
,,,그림,"유리한 정상(동종 전과 없음, 특수절도, 협박)",
123,동종 협박 전과가 없다.,이전에 다른 사람을 협박한 적이 없다.,,,-
,,,그림,,
124,최근 수년 간 아무런 전과가 없다.,최근 몇년 동안 바르게 살았다.,,유리한 정상(최근 전과 없음),범죄
,피고인은 과거에 유사한 범죄를 두 차례 저지른 전력이 있다.,,그림,,
125,,옛날에 비슷한 범죄를 2번 저질렀다.,,불리한 정상(동종 전과 2건),"범죄, 2번"
,,,그림,,
126,피고인은 과거에 유사한 범죄를 3차례 저지른 전력이 있다.,옛날에 비슷한 범죄를 3번 저질렀다.,,불리한 정상(동종 전과 3건),"범죄, 3번"
,피고인은 과거에 유사한 범죄를 여러 번 저지른 전력이 있다.,,그림,불리한 정상(동종 전과 여러 건),
127,,옛날에 비슷한 범죄를 여러 번 저질렀다.,,,"범죄, 여러 번, 수건, 다수"
,,,그림,"불리한 정상(동종 전과, 보이스 피싱)",
128,피고인은 동종 범죄인 보이스피싱 사기 전과가 있다.,이전에도 보이스피싱을 한 적이 있다.,,,"은행, 금전"
,,이전에도 횡령죄를 저지른 적이 있다.,그림,,
129,피고인은 동종 범죄인 횡령 전과가 있다.,*횡령죄 : 다른 사람의 재산을 관리하는 사람이 몰래 재산을 빼돌리는 것,,"불리한 정상(동종 전과, 횡령)","공금, 금전"
,,,,,
,,,,,
연번,원문,이지리드 문장,시각자료,명칭,검색어
,,,그림,,
130,피고인은 동종 범죄인 강도 전과가 있다.,이전에도 강도짓을 했다.,,"불리한 정상(동종 전과, 강도)",폭행
,피고인은 동종 범죄인 폭행 전과가 있다.,,그림,"불리한 정상(동종 전과, 폭행, 발로 밟다)",
131,,이전에도 다른 사람을 발로 밟는 등 때렸다.,,,-
,,,그림,"불리한 정상(동종 전과, 폭행, 음료를 뿌리다)",
132,피고인은 동종 범죄인 폭행 전과가 있다.,이전에도 다른 사람에게 음료를 뿌렸다.,,,-
,,,그림,"불리한 정상(동종 전과, 폭행, 욕하다)",
133,피고인은 동종 범죄인 폭행 전과가 있다.,이전에도 다른 사람에게 욕을 했다.,,,-
,,,그림,"불리한 정상(동종 전과, 스토킹, 사진 촬영)",
134,피고인은 동종 범죄인 스토킹 전과가 있다.,이전에도 몰래 사진을 찍으며 스토킹을 했다.,,,-
,,,그림,"불리한 정상(동종 전과, 스토킹, 따라다님)",
,피고인은 동종 범죄인 스토킹 전과가 있다.,이전에도 계속 따라다니며 스토킹을 했다.,,,
135,,,,,-
,,,그림,"불리한 정상(동종 전과, 스토킹, 연락)",
136,피고인은 동종 범죄인 스토킹 전과가 있다.,이전에도 계속 연락을 하며 스토킹을 했다.,,,-
,,,,,
,,,,,
연번,원문,이지리드 문장,시각자료,명칭,검색어
,,,그림,"불리한 정상(동종 전과, 성착취)",
137,피고인은 동종 범죄인 성착취 전과가 있다.,이전에도 다른 사람을 성적으로 괴롭힌 적이 있다.,,,-
,,,그림,"불리한 정상(동종 전과, 성폭력)",
138,피고인은 동종 범죄인 성폭력 전과가 있다.,이전에도 성폭력을 저질렀다.,,,-
,,,그림,"불리한 정상(동종 전과, 강제추행)",
139,피고인은 동종 범죄인 강제추행 전과가 있다.,이전에도 성희롱을 한 적이 있다.,,,성희롱
,피고인은 동종 범죄인 강간 전과가 있다.,,그림,"불리한 정상(동종 전과, 강간)",
140,,이전에도 강간을 저지른 적이 있다.,,,-
,,,그림,,
,피고인은 동종 범죄인 강제추행 전과가 있다.,이전에도 억지로 성추행을 한 적이 있다.,,"불리한 정상(동종 전과, 성추행)",
141,,,,,-
,,,그림,"불리한 정상(동종 전과, 공무집행 방해)",
142,피고인은 동종 범죄인 공무집행방해 전과가 있다.,이전에도 경찰이 일을 못하게 방해한 적이 있다.,,,경찰
,,,그림,"불리한 정상(동종 전과, 기물파손)",
143,피고인은 동종 범죄인 손괴 전과가 있다.,이전에도 물건을 망가뜨린 적이 있다.,,,물건
,,,,,
,,,,,
연번,원문,이지리드 문장,시각자료,명칭,검색어
,,,그림,,
144,피고인은 동종 범죄인 방화 전과가 있다.,이전에도 불을 일부러 지른 적이 있다.,,"불리한 정상(동종 전과, 방화)",불
,,,그림,,
145,피고인은 동종 범죄인 사기 전과가 있다.,이전에도 사기를 저지른 적이 있다.,,"불리한 정상(동종 전과, 사기)",금전
,,,그림,,
146,피고인은 동종 범죄인 상해 전과가 있다.,이전에도 다른 사람을 다치게 한 적이 있다.,,"불리한 정상(동종 전과, 상해)",폭행
,,,그림,"불리한 정상(동종 전과, 업무방해)",
147,피고인은 동종 범죄인 업무방해 전과가 있다.,이전에도 식당에서 술을 먹고 소리 질러 영업을 방해한 적이 있다.,,,영업
,,,그림,,
148,피고인은 동종 범죄인 절도 전과가 있다.,이전에도 물건을 훔친 적이 있다.,,"불리한 정상(동종 전과, 절도)",물건
,,,그림,"불리한 정상(동종 전과, 절도, ATM)",
149,피고인은 동종 범죄인 절도 전과가 있다.,이전에도 은행에서 돈을 훔친 적이 있다.,,,"은행, 금전"
,,,그림,"불리한 정상(동종 전과, 절도, 차량)",
150,피고인은 동종 범죄인 절도 전과가 있다.,이전에도 물건을 훔쳐 차에 실은 적이 있다.,,,"차, 물건"
,,,,,
,,,,,
연번,원문,이지리드 문장,시각자료,명칭,검색어
,,,그림,"불리한 정상(동종 전과, 절도, 핸드폰)",
151,피고인은 동종 범죄인 절도 전과가 있다.,이전에도 카페에서 핸드폰을 훔친 적이 있다.,,,"카페, 물건"
,,,그림,"불리한 정상(동종 전과, 주거침입 1)",
152,피고인은 동종 범죄인 주거침입 전과가 있다.,이전에도 집에 허락없이 들어갔다.,,,"집, 무단, 허락"
,,,그림,"불리한 정상(동종 전과, 주거침입 2)","집, 무단,"
153,피고인은 동종 범죄인 주거침입 전과가 있다.,이전에도 집에 들어가겠다고 계속 문을 두드리고 벨을 눌렀다.,,,"초인종, 문, 소음, 벨"
,,,그림,"불리한 정상(동종 전과, 주거침입 3)",
154,피고인은 동종 범죄인 주거침입 전과가 있다.,이전에도 몰래 뒤따라 가다 집까지 따라 들어갔다.,,,"집, 무단, 스토킹"
,,,그림,"불리한 정상(동종 전과, 주거침입 4)",
155,피고인은 동종 범죄인 주거침입 전과가 있다.,이전에도 층간소음으로 힘들다며 집에 허락없이 들어왔다.,,,"집, 무단, 허락, 층간소음"
,,,그림,"불리한 정상(동종 전과, 주거침입 5)",
156,피고인은 동종 범죄인 주거침입 전과가 있다.,이전에도 베란다를 통해 몰래 들어갔다.,,,"집, 무단, 베란다"
,,이전에도 피해자가 장애로 인해 피할 수 없는 상태에서 억지로 성적 행위를 한 적이 있다.,그림,"불리한 정상(동종 전과, 준강간)",
157,피고인은 동종 범죄인 준강간 전과가 있다.,,,,-
,,,,,
,,,,,
연번,원문,이지리드 문장,시각자료,명칭,검색어
,,,그림,"불리한 정상(동종 전과, 준사기)",
158,피고인은 동종 범죄인 준사기전과가 있다.,이전에도 거짓말로 속여 돈을 빼앗은 적이 있다.,,,-
,피고인은 동종 범죄인 특수절도 전과가 있다.,,그림,"불리한 정상(동종 전과, 특수절도, 주거침입)",
159,,이전에도 집에 몰래 들어가 물건을 훔친 적이 있다.,,,"집, 물건"
,,,그림,"불리한 정상(동종 전과, 특수절도, 흉기)",
160,피고인은 동종 범죄인 특수절도 전과가 있다.,이전에도 흉기를 가지고 다른 사람의 물건을 훔친 적이 있다.,,,"칼, 물건"
,,,그림,"불리한 정상(동종 전과, 특수절도, 공동범행)",
161,피고인은 동종 범죄인 특수절도 전과가 있다.,이전에도 다른 사람과 함께 물건을 훔친 적이 있다.,,,쿨건
,,,그림,,
162,피고인은 동종 범죄인 협박 전과가 있다.,이전에도 다른 사람을 협박한 적이 있다.,,"불리한 정상(동종 전과, 협박)",-
163,상습범이다.,같은 종류의 범죄를 여러 번 반복해서 저질렀다.,그림,불리한 정상 (상습범),"범죄, 반복, 습벽"
,,,,,
,,,그림,,
,,교도소 출소 후 3년 내에 이 범행을 하였다.,,,
164,누범이다.,따라서 2배까지 더 세게 처벌될 수 있다.,,불리한 정상(누범),"범죄, 교도소, 출소, 2배"
,,,,,
,,,,,
연번,원문,이지리드 문장,시각자료,명칭,검색어
,피고인은 과거 보이스피싱 사기 범죄로 실형 선고를 받은 전력이 있음에도 누범 기간 내에 동종 범죄를 저질렀다.,,그림,"불리한 정상(동종 누범, 보이스 피싱)",
,,"보이스피싱으로 감옥에 다녀왔는데, 3년이 안 되어 또 보이스피싱을 저질렀다.",,,
165,,,,,3년
,피고인은 과거 횡령죄로 실형 선고를 받은 전력이 있음에도 누범 기간 내에 동종 범죄를 저질렀다.,,그림,,
,,"횡령죄로 감옥에 다녀왔는데, 3년이 안 되어 또 횡령을 했다.",,"불리한 정상(동종 누범, 횡령)",
166,,,,,3년
,피고인은 과거 강도죄로 실형 선고를 받은 전력이 있음에도 누범 기간 내에 동종 범죄를 저질렀다.,,그림,,
,,"강도죄로 감옥에 다녀왔는데, 3년이 안 되어 또 강도짓을 했다.",,"불리한 정상(동종 누범, 강도)",
167,,,,,3년
,피고인은 과거 폭행죄로 실형 선고를 받은 전력이 있음에도 누범 기간 내에 동종 범죄를 저질렀다.,,그림,,
,,"다른 사람을 발로 밟고 때려서 감옥에 다녀왔는데, 3년이 안 되어 또 같은 죄를 저질렀다.",,"불리한 정상(동종 누범, 폭행, 발로 밟다)",
168,,,,,3년
,피고인은 과거 폭행죄로 실형 선고를 받은 전력이 있음에도 누범 기간 내에 동종 범죄를 저질렀다.,,그림,"불리한 정상(동종 누범, 폭행, 음료를 뿌리다)",
,,"다른 사람에게 음료를 뿌려서 감옥에 다녀왔는데, 3년이 안 되어 또 같은 죄를 저질렀다.",,,
169,,,,,3년
,피고인은 과거 폭행죄로 실형 선고를 받은 전력이 있음에도 누범 기간 내에 동종 범죄를 저질렀다.,,그림,,
,,"다른 사람에게 욕을 해서 감옥에 다녀왔는데, 3년이 안 되어 또 같은 죄를 저질렀다.",,"불리한 정상(동종 누범, 폭행, 욕하다)",
170,,,,,3년
,,,,,
,,,,,
연번,원문,이지리드 문장,시각자료,명칭,검색어
,피고인은 과거 스토킹 범죄로 실형 선고를 받은 전력이 있음에도 누범 기간 내에 동종 범죄를 저질렀다.,,그림,"불리한 정상(동종 누범, 스토킹, 사진 촬영)",
,,"몰래 사진을 찍어 감옥에 다녀왔는데, 3년이 안 되어 또 같은 죄를 저질렀다.",,,
171,,,,,3년
,피고인은 과거 스토킹 범죄로 실형 선고를 받은 전력이 있음에도 누범 기간 내에 동종 범죄를 저질렀다.,,그림,"불리한 정상(동종 누범, 스토킹, 따라다님)",
,,"계속 따라다니며 괴롭혀 감옥에 다녀왔는데, 3년이 안 되어 또 같은 죄를 저질렀다.",,,
172,,,,,3년
,피고인은 과거 스토킹 범죄로 실형 선고를 받은 전력이 있음에도 누범 기간 내에 동종 범죄를 저질렀다.,,그림,"불리한 정상(동종 누범, 스토킹, 연락)",
,,"계속 연락하며 괴롭혀 감옥에 다녀왔는데, 3년이 안 되어 또 같은 죄를 저질렀다.",,,
173,,,,,3년
,피고인은 과거 성착취로 실형 선고를 받은 전력이 있음에도 누범 기간 내에 동종 범죄를 저질렀다.,,그림,,
,,"성적으로 괴롭혀 감옥에 다녀왔는데, 3년이 안 되어 또 같은 죄를 저질렀다.",,"불리한 정상(동종 누범, 성착취)",
174,,,,,3년
,피고인은 과거 성폭력으로 실형 선고를 받은 전력이 있음에도 누범 기간 내에 동종 범죄를 저질렀다.,,그림,,
,,"성폭력으로 감옥에 다녀왔는데, 3년이 안 되어 또 같은 죄를 저질렀다.",,"불리한 정상(동종 누범, 성폭력)",
175,,,,,3년
,피고인은 과거 성희롱으로 실형 선고를 받은 전력이 있음에도 누범 기간 내에 동종 범죄를 저질렀다.,,그림,,
,,"성희롱으로 감옥에 다녀왔는데, 3년이 안 되어 또 같은 죄를 저질렀다.",,"불리한 정상(동종 누범, 성희롱)",
176,,,,,3년
,,,,,
,,,,,
연번,원문,이지리드 문장,시각자료,명칭,검색어
,피고인은 과거 강간으로 실형 선고를 받은 전력이 있음에도 누범 기간 내에 동종 범죄를 저질렀다.,,그림,,
,,"강간으로 감옥에 다녀왔는데, 3년이 안 되어 또 같은 죄를 저질렀다.",,"불리한 정상(동종 누범, 강간)",
177,,,,,3년
,피고인은 과거 강제추행으로 실형 선고를 받은 전력이 있음에도 누범 기간 내에 동종 범죄를 저질렀다.,,그림,,
,,"강제로 추행을 해서 감옥에 다녀왔는데, 3년이 안 되어 또 같은 죄를 저질렀다.",,"불리한 정상(동종 누범, 강제추행)",
178,,,,,3년
,피고인은 과거 공무집행방해죄로 실형 선고를 받은 전력이 있음에도 누범 기간 내에 동종 범죄를 저질렀다.,,그림,"불리한 정상(동종 누범, 공무집행 방해)",
,,"경찰이 일을 못하게 방해해서 감옥에 다녀왔는데, 3년이 안 되어 또 같은 죄를 저질렀다.",,,
179,,,,,"3년, 경찰"
,피고인은 과거 기물파손죄로 실형 선고를 받은 전력이 있음에도 누범 기간 내에 동종 범죄를 저질렀다.,,그림,,
,,"물건을 망가뜨려 감옥에 다녀왔는데, 3년이 안 되어 또 같은 죄를 저질렀다.",,"불리한 정상(동종 누범, 손괴)",
180,,,,,"3년, 물건"
,피고인은 과거 방화죄로 실형 선고를 받은 전력이 있음에도 누범 기간 내에 동종 범죄를 저질렀다.,,그림,,
,,"불을 질러 감옥에 다녀왔는데, 3년이 안 되어 또 같은 죄를 저질렀다.",,"불리한 정상(동종 누범, 방화)",
181,,,,,"3년, 불"
,피고인은 과거 사기죄로 실형 선고를 받은 전력이 있음에도 누범 기간 내에 동종 범죄를 저질렀다.,,그림,,
,,"사기를 저질러 감옥에 다녀왔는데, 3년이 안 되어 또 같은 죄를 저질렀다.",,"불리한 정상(동종 누범, 사기)",
182,,,,,"3년, 금전"
,,,,,
,,,,,
연번,원문,이지리드 문장,시각자료,명칭,검색어
,피고인은 과거 상해죄로 실형 선고를 받은 전력이 있음에도 누범 기간 내에 동종 범죄를 저질렀다.,,그림,,
,,"다른 사람을 다치게 해 감옥에 다녀왔는데, 3년이 안 되어 또 같은 죄를 저질렀다.",,"불리한 정상(동종 누범, 상해)",
183,,,,,"3년, 폭행"
,피고인은 과거 업무방해죄로 실형 선고를 받은 전력이 있음에도 누범 기간 내에 동종 범죄를 저질렀다.,,그림,,
,,"술을 먹고 소리를 질러 식당 영업을 못하게 해 감옥에 다녀왔는데, 3년이 안 되어 또 같은 죄를 저질렀다.",,"불리한 정상(동종 누범, 업무방해)",
184,,,,,"3년, 영업"
,피고인은 과거 절도죄로 실형 선고를 받은 전력이 있음에도 누범 기간 내에 동종 범죄를 저질렀다.,,그림,,
,,"물건을 훔쳐 감옥에 다녀왔는데, 3년이 안 되어 또 같은 죄를 저질렀다.",,"불리한 정상(동종 누범, 절도, 물건)",
185,,,,,3년
,피고인은 과거 절도죄로 실형 선고를 받은 전력이 있음에도 누범 기간 내에 동종 범죄를 저질렀다.,,그림,,
,,"물건을 훔쳐 감옥에 다녀왔는데, 3년이 안 되어 또 같은 죄를 저질렀다.",,"불리한 정상(동종 누범, 절도, ATM)","3년, 은행, 금전"
186,,,,,
,피고인은 과거 절도죄로 실형 선고를 받은 전력이 있음에도 누범 기간 내에 동종 범죄를 저질렀다.,,그림,,
,,"물건을 훔쳐 감옥에 다녀왔는데, 3년이 안 되어 또 같은 죄를 저질렀다.",,"불리한 정상(동종 누범, 절도, 차량)",
187,,,,,"3년, 물건"
,피고인은 과거 절도죄로 실형 선고를 받은 전력이 있음에도 누범 기간 내에 동종 범죄를 저질렀다.,,그림,,
,,"물건을 훔쳐 감옥에 다녀왔는데, 3년이 안 되어 또 같은 죄를 저질렀다.",,"불리한 정상(동종 누범, 절도, 핸드폰)",
188,,,,,3년
,,,,,
,,,,,
연번,원문,이지리드 문장,시각자료,명칭,검색어
,피고인은 과거 주거침입죄로 실형 선고를 받은 전력이 있음에도 누범 기간 내에 동종 범죄를 저질렀다.,,그림,,
,,"주거침입으로 감옥에 다녀왔는데, 3년이 안 되어 또 같은 죄를 저질렀다.",,"불리한 정상(동종 누범, 주거침입 1)",
189,,,,,3년
,피고인은 과거 주거침입죄로 실형 선고를 받은 전력이 있음에도 누범 기간 내에 동종 범죄를 저질렀다.,,그림,,
,,"주거침입으로 감옥에 다녀왔는데, 3년이 안 되어 또 같은 죄를 저질렀다.",,"불리한 정상(동종 누범, 주거침입 2)",
190,,,,,3년
,피고인은 과거 주거침입죄로 실형 선고를 받은 전력이 있음에도 누범 기간 내에 동종 범죄를 저질렀다.,,그림,,
,,"주거침입으로 감옥에 다녀왔는데, 3년이 안 되어 또 같은 죄를 저질렀다.",,"불리한 정상(동종 누범, 주거침입 3)",
191,,,,,3년
,피고인은 과거 주거침입죄로 실형 선고를 받은 전력이 있음에도 누범 기간 내에 동종 범죄를 저질렀다.,,그림,,
,,"주거침입으로 감옥에 다녀왔는데, 3년이 안 되어 또 같은 죄를 저질렀다.",,"불리한 정상(동종 누범, 주거침입 4)",
192,,,,,3년
,피고인은 과거 주거침입죄로 실형 선고를 받은 전력이 있음에도 누범 기간 내에 동종 범죄를 저질렀다.,,그림,,
,,"주거침입으로 감옥에 다녀왔는데, 3년이 안 되어 또 같은 죄를 저질렀다.",,"불리한 정상(동종 누범, 주거침입 5)",
193,,,,,3년
,피고인은 과거 준강간죄로 실형 선고를 받은 전력이 있음에도 누범 기간 내에 동종 범죄를 저질렀다.,나쁘게 보는 이유,그림,,
,,"피해자가 장애로 인해 피할 수 없는 상태에서 억지로 성적 행위를 해 감옥에 다녀왔는데, 3년 안에 또 같은 죄를 저질렀다.",,"불리한 정상(동종 누범, 준강간)",
194,,,,,3년
,,,,,
,,,,,
연번,원문,이지리드 문장,시각자료,명칭,검색어
,피고인은 과거 준사기죄로 실형 선고를 받은 전력이 있음에도 누범 기간 내에 동종 범죄를 저질렀다.,,그림,,
,,나쁘게 보는 이유,,"불리한 정상(동종 누범, 준사기)",
195,,"상대를 속여 돈을 빼앗아 감옥에 다녀왔는데, 3년 안에 또 같은 죄를 저질렀다.",,,3년
,피고인은 과거 특수절도죄로 실형 선고를 받은 전력이 있음에도 누범 기간 내에 동종 범죄를 저질렀다.,,그림,"불리한 정상(동종 누범, 특수절도, 주거침입)",
,,나쁘게 보는 이유,,,
196,,"집에 몰래 들어가 물건을 훔쳐 감옥에 다녀왔는데, 3년 안에 또 같은 죄를 저질렀다.",,,3년
,피고인은 과거 특수절도죄로 실형 선고를 받은 전력이 있음에도 누범 기간 내에 동종 범죄를 저질렀다.,,그림,"불리한 정상(동종 누범, 특수절도, 흉기)",
,,나쁘게 보는 이유,,,
197,,"흉기를 가지고 물건을 훔쳐 감옥에 다녀왔는데, 3년 안에 또 같은 죄를 저질렀다.",,,"3년, 칼"
,피고인은 과거 특수절도죄로 실형 선고를 받은 전력이 있음에도 누범 기간 내에 동종 범죄를 저질렀다.,,그림,"불리한 정상(동종 누범, 특수절도, 공동 범행)",
,,나쁘게 보는 이유,,,
198,,"다른 사람과 함께 물건을 훔쳐 감옥에 다녀왔는데, 3년 안에 또 같은 죄를 저질렀다.",,,3년
,피고인은 과거 협박죄로 실형 선고를 받은 전력이 있음에도 누범 기간 내에 동종 범죄를 저질렀다.,,그림,,
,,나쁘게 보는 이유,,"불리한 정상(동종 누범, 협박)",
199,,"다른 사람을 협박해 감옥에 다녀왔는데, 3년 안에 또 같은 죄를 저질렀다.",,,3년
,집행유예기간 중임에도 자숙하지 않고 이 사건 범행을 저질렀다.,전에 저지른 다른 범죄에 대한 집행유예기간 중이어서 바르게 행동하여야 했는데 그 기간 내에 다시 이번 잘못을 저질렀다.,그림,"불리한 정상(집행 유예기간, 범죄)",
200,,,,,-
,,,,,
,,,,,
연번,원문,이지리드 문장,시각자료,명칭,검색어
,피고인에 대하여 3년간 위치추적 전자장치 부착을 명한다.,,그림,,
201,,김이박은 3년 동안 위치를 확인할 수 있는 전차장치를 몸에 차고 있어야 한다.,,전자발찌,위치추적 전자장치 부착
,,,그림,,
202,피고인에게 별지 기재 준수사항을 부과한다.,김이박은 별지에 적혀 있는 내용을 지켜야 한다.,,준수사항 부과,별지
,,,그림,,
203,사물변별능력이 미약하다.,김이박은 자신의 행동이 범죄인지 잘 알지 못한다.,,심신미약1,사물변별
,,,그림,,
204,의사결정능력이 미약하다.,자기가 하는 행동이 어떤 의미인지나 어떤 결과를 가져오는지를 잘 알지 못한다,,심신미약2,"의사능력, 의사결정능력"
,,,그림,,
205,이 사건 범행은 피고인이 우발적으로 저지른 범행이다.,김이박은 범행을 저지른 것을 계획하거나 준비한 것이 아니라 우연히 저질렀다.,,우발적 범행,비계획적
,,,그림,,
206,피고인은 자신의 무죄를 주장한다.,김이박은 억울하고 죄가 없다.,,무죄 주장,억울
,피고인에게 보호관찰 기간 동안 정신의학과 전문의의 치료를 받을 것을 명한다.,,그림,,
207,,김이박은 보호관찰 기간 동안 정신과 치료를 받아야 한다.,,정신의학 치료,"전문의, 정신과, 보호관찰"
,,,,,
,,,,,
연번,원문,이지리드 문장,시각자료,명칭,검색어
,,,그림,,
,누구든지 장애인의 신체에 폭행을 가하여서는 아니된다.,누구든지 장애인을 때려서는 안된다.,,장애인 복지법 위반(폭행),
208,,,,,-
,누구든지 65세 이상의 사람의 신체에 폭행을 가하여서는 아니된다.,,그림,,
209,,누구든지 노인을 때려서는 안된다.,,노인복지법 위반(폭행),-
,,,그림,,
210,피고인과 피해자는 부부 관계에 있다.,김이박은 피해자와 부부 사이이다.,,부부,"피고인, 피해자"
,,,그림,,
211,피고인은 형면제 사유에 해당한다.,벌을 받지 않습니다.,,형면제,벌
,피고인은 음주 상태에서 피해자를 폭행했다.,,그림,,
212,,00은 술에 취해서 **을 때렸다.,,음주폭행,술
,폭행죄의 경우 피해자가 피고인에 대한 처벌을 희망하는 의사가 있어야만 처벌이 가능하다.,,그림,"반의사불벌 (폭행, 처벌원함) 1/2",
213,,피해자가 처벌을 원해야만 처벌할 수 있다.,,,합의
,,,그림,"반의사불벌 (폭행, 처벌불원) 2/2",
214,,피해자가 처벌하지 말라고 하면 처벌할 수 없다.,,,합의
,,,,,
,,,,,
연번,원문,이지리드 문장,시각자료,명칭,검색어
,,,그림,,
215,피고인은 범죄 사실을 자백하였다.,자신의 잘못을 모두 인정한다,,자백,인정
,"피고인은 정신장애가 있으며, 사건 발생 당시 정신적 불안정 상태에 있었다.",,그림,,
216,,정신질환/ 정신장애가 있다,,정신질환,"정신장애, 불안정"
,,,그림,,
217,치아가 파절되었다.,이가 부러졌다,,치아파절,"이, 이빨, 상해"
,,,,(상해),
,,,그림,,
218,안와골절되었다.,눈위뼈가 부러졌다,,안와골절,"눈, 눈위뼈, 폭행"
,,,,(상해),
,,,그림,,
219,폭행으로 팔에 부상을 입었다.,팔을 다쳤다,,팔 골절,"팔, 폭행"
,,,,(상해),
,,,그림,,
220,폭행으로 다리에 부상을 입었다.,다리를 다쳤다,,다리 골절,"다리, 폭행"
,,,,(상해),
,,,그림,,
221,폭행으로 허리에 부상을 입었다.,허리를 다쳤다,,허리 골절,"허리, 폭행"
,,,,(상해),
,,,,,
,,,,,
연번,원문,이지리드 문장,시각자료,명칭,검색어
,,,그림,,
222,폭행으로 목에 부상을 입었다.,목을 다쳤다,,목 골절,"목, 폭행"
,,,,(상해),
,,,그림,,
223,의학적 평가에 따라 전치 0주의 치료가 필요하다.,0주 동안 치료받아야 할 정도로 다쳤다.,,상해,"상해, 폭행"
,,,,(전치),
,피고인은 공중밀집장소에서 피해자에게 신체적으로 밀착하여 추행하였다.,,그림,,
224,,00은 **의 뒤에 몸을 붙였다.,,공중밀집 장소추행 (신체 밀착),"버스, 지하철, 공공장소"
,피고인은 공중밀집장소에서 피해자의 신체를 손으로 만져 추행하였다.,,그림,,
225,,손으로 만졌다.,,공중밀집 장소추행 (손),"버스, 지하철, 공공장소"
,성적 목적을 가지고 다중 이용장소인 여자 화장실에 침입했다.,,그림,성적목적 다중이용 장소 (화장실),
226,,성적 목적을 가지고 여자 화장실에 들어갔다.,,,공공장소
,,,그림,쟁점 판단(증언 신빙성 낮음),
227,증인의 말을 신뢰할 수 없다.,판사가 볼 때 증인의 말을 믿을 수 없다.,,,"판사, 증인"
,,,그림,,
228,증인의 기억이 정확하지 않은 것 같다.,증인이 정확히 기억하지 못한다.,,쟁점 판단(증인 기억),"증인, 증언 신빙성"
,,,,,
,,,,,
연번,원문,이지리드 문장,시각자료,명칭,검색어
,,,그림,쟁점 판단 (피고인 진술 신빙성),
229,피고인의 말을 신뢰할 수 없다.,피고인의 말을 믿을 수 없다.,,,피고인 거짓말
230,미수에 그쳤다.,범행을 끝까지 마치지 못했다.,그림,유리한 정상(미수),실행 착수
,,,,,
,,,그림,,
231,범행 횟수가 적다.,범행을 저지른 횟수가 적다.,,유리한 정상(범행 횟수),"범죄, 적다"
,,,그림,유리한 정상(범행 횟수 2번),
232,범행 횟수가 적다.,범행을 2번만 저질렀다.,,,범죄
,,,그림,유리한 정상(범행 기간 3일),
233,범행 기간이 짧다.,범행 기간이 3일 밖에 되지 않는다.,,,단기간
,(3일),,,,
,,,그림,유리한 정상,
234,범행 기간이 짧다.,범행 기간이 일주일 밖에 되지 않는다.,,(범행 기간 일주일),단기간
,(일주일),,,,
,,,그림,유리한 정상,
235,범행 기간이 짧다.,범행 기간이 1달 밖에 되지 않는다.,,(범행 기간,"단기간, 한 달"
,(한 달),,,1달),
,,,그림,유리한 정상,
236,범행 기간이 짧다.,범행 기간이 짧다.,,(범행 기간 짧다),단기간
,,,,,
,,,,,
연번,원문,이지리드 문장,시각자료,명칭,검색어
,,,그림,유리한 정상,
237,"범행 가담 정도가 경미하다, 작다",범행에 주도적으로 참여한 것은 아니다.,,(가담 정도 경미),"경미, 작다"
,,,그림,유리한 정상 (소극적 가담),
238,범행에 소극적으로 가담하였다.,"범행이라는 것을 알고 함께 했지만, 먼저 나서서 하자고 한 것은 아니다.",,,가담
,,,그림,유리한 정상,
239,피해 금액/규모가 작다.,피해가 심하지 않다,,(피해 규모 작음),"작다, 심하지 않다"
,,,그림,유리한 정상,
240,폭행/상해의 정도가 경미하다.,폭행의 정도가 약하다. 상처가 심하지 않다.,,(폭행 피해 작음),"작다, 심하지 않다, 경미"
,,,그림,,
241,얻은 이익이 경미하다.,적은 이익을 얻었다.,,유리한 정상,적다
,,,,(적은 이익),
,,,그림,불리한 정상,
242,범행 횟수가 많다.,범행을 여러 번 저질렀다.,,(범행 횟수 다수),"다수, 많다"
,,,그림,불리한 정상 (범행기간 1년),
243,피고인은 약 1년에 걸쳐 지속적으로 범행을 저질렀다.,범행기간이 1년이나 된다.,,,장기간
,,,,,
,,,,,
연번,원문,이지리드 문장,시각자료,명칭,검색어
,,,그림,불리한 정상 (범행기간 3년),
244,피고인은 약 3년에 걸쳐 지속적으로 범행을 저질렀다.,범행기간이 3년이나 된다.,,,장기간
,,,그림,유리한 정상,
245,범행 기간이 길다.,범행 기간이 길다.,,(범행 기간 짧다),장기간
,,,그림,,
246,범행 가담 정도가 크다.,범행을 주도하였다.,,불리한 정상,"범죄, 가담, 크다"
,,,,(범행 주도),
,,,그림,,
247,범행에 적극적으로 가담하였다.,범행이라는 것을 알고 일부러 저질렀다.,,불리한 정상,"범죄, 가담"
,,,,(적극 가담),
,,,그림,,
248,피해 금액이 상당이 크다,피해가 심하다.,,불리한 정상,불
,,,,(큰 피해),
,,,그림,불리한 정상 (피해자 다수),
249,다수의 피해자가 발생했다.,피해자가 많다.,,,"피해자, 많다"
,,,그림,불리한 정상 (금전 피해자 다수),
250,금전적 손해를 입은 피해자가 다수다.,금전 손해를 입은 피해자가 많다.,,,"피해자, 많다"
,,,,,
,,,,,
연번,원문,이지리드 문장,시각자료,명칭,검색어
,,,그림,불리한 정상 (폭행 피해자 다수),
251,신체 폭행을 당한 피해자가 다수다.,다친 피해자가 많다.,,,"피해자, 많다"
,,,그림,불리한 정상 (영업방해 피해자 다수),
252,영업방해를 당한 피해자가 다수다.,영업을 못해 손해를 입은 피해자가 많다.,,,"피해자, 많다"
,,,그림,,
253,상해 정도가 중하다.,상처가 심하다.,,불리한 정상,"상해, 정도, 중하다, 심하다"
,,,,(중한 상해),
,범행 수범이 매우 악질적이다.(성적 영상을 인터넷에 공개하겠다고 협박하였다.),,그림,,
254,,성적 영상을 인터넷에 공개하겠다고 협박했다. 범행 수법이 나쁘다.,,불리한 정상 (협박),"영상, 인터넷, 공개, 죄질"
,범행 수범이 매우 악질적이다. (피해자를 기망하여 금전을 편취했다.),,그림,,
255,,피해자를 속여 돈을 빼앗았다. 범행 수법이 나쁘다.,,불리한 정상 (기망),"피해자, 금전, 죄질"
,,,그림,,
256,범행이 잔인하다. (칼로 여러 차레 찔러 중상해를 입혔다.),피해자를 여러 번 칼로 찔렀다. 범행 수법이 잔인하다.,,불리한 정상 (잔인),"피해자, 칼, 상해"
,,,그림,불리한 정상,
257,"흉기, 위험한 물건을 휴대하였다.",칼을 가지고 있었다. 칼은 사람을 크게 다치게 할 수 있는 위험한 물건이다.,,"(흉기 소지, 칼)",-
,,,,,
,,,,,
연번,원문,이지리드 문장,시각자료,명칭,검색어
,,,그림,불리한 정상,
258,"흉기, 위험한 물건을 휴대하였다.",소주병을 가지고 있었다. 소주병은 사람을 크게 다치게 할 수 있는 위험한 물건이다.,,"(흉기 소지, 소주병)",-
,,,그림,불리한 정상,
259,"흉기, 위험한 물건을 휴대하였다.",맥주병을 가지고 있었다. 맥주병은 사람을 크게 다치게 할 수 있는 위험한 물건이다.,,"(흉기 소지, 맥주병)",-
,,,그림,불리한 정상 (조직적 범행),
260,"조직적 범행이다. (2인 이상, 집단적 범행)",여러 명이 함께 짜고 범죄를 저질렀다.,,,"가해자 다수, 집단적 범행, 2인"
,,,그림,,
261,범죄로 인하여 얻은 이익이 크다. / 범죄 수익이 크다.,범죄를 저질러서 큰 이익을 얻었다. / 범죄를 저질러서 큰 돈을 벌었다.,,불리한 정상 (범행이익),"범죄, 금전"
,범행 가담에 참작할 사유가 있다.(범행에 가담한 경위가 강압적이었다.),,그림,"유리한 정상 (범행동기, 소극 범행, 상해)",
262,,억지로 시켜서 어쩔 수 없이 칼로 찌르게 되었다.,,,"정상 참작, 소극적"
,범행 가담에 참작할 사유가 있다.(범행에 가담한 경위가 강압적이었다.),,그림,"유리한 정상 (범행동기, 소극적 가담, 절도)",
263,,억지로 시켜서 어쩔 수 없이 훔치게 되었다.,,,"정상참작, 소극적"
,범행 가담에 참작할 사유가 있다.(범행에 가담한 경위가 강압적이었다.),,그림,"유리한 정상 (범행동기, 소극 범행, 절도)",
264,,억지로 시켜서 어쩔 수 없이 때리게 되었다.,,,
,,,,,"정상참작, 소극적"
,,,,,
,,,,,
연번,원문,이지리드 문장,시각자료,명칭,검색어
,범행 가담에 참작할 사유가 있다.(범행에 가담한 경위가 강압적이었다.),,그림,유리한 정상,
265,,억지로 시켜서 어쩔 수 없이 보이스 피싱을 하게 되었다.,,"(소극 범행, 보이스 피싱)","정상참작, 소극적"
,피고인은 확정적 고의를 가지고 있던 것으로 보이지는 않는다. / 미필적 고의만을 가졌던,김이박이 일부러 범죄를 저지르려고 한 것은 아니다. 그렇지만 김이박의 행동이 범죄가 될 수 있다는 것을 알면서도 일부러 조심하지,그림,"유리한 정상 (미필적 고의, 방화)",
266,것으로 보인다.,않았다.,,,"확정적 고의, 불"
,피해자 귀책 사유가 있다. / 피해자가 범행을 유발한 면이 있다.,,그림,"유리한 정상 (피해자 귀책사유, 폭행)",
267,,피해자가 먼저 때려서 같이 때리게 되었다.,,,-
,피해자 귀책 사유가 있다. / 피해자가 범행을 유발한 면이 있다.,,그림,"유리한 정상 (피해자 귀책사유, 욕)",
268,,피해자가 먼저 욕을 해서 때리게 되었다.,,,-
,,,그림,유리한 정상 (생계형 범죄),
269,생계형 범죄로 보인다.,너무 가난해 음식을 살 돈이 없어서 범죄를 저지른 것 같다.,,,"가난, 음식, 배고파"
,,,그림,,
270,계획적으로 범행하였다.,범죄를 저지르기 위해 미리 준비하고 계획을 세운 점이 매우 나쁘다.,,불리한정상,-
,,,,(계획 범죄),
,,,그림,,
271,범행 동기가 비난할 만한 하다.,범죄를 저지른 이유가 매우 나쁘다.,,불리한 정상,"비난, 악질"
,,,,(범행 동기),
,,,,,
,,,,,
연번,원문,이지리드 문장,시각자료,명칭,검색어
,,,그림,,
272,자수하였다.,자기가 범죄를 저질렀다고 스스로 경찰에 말했다.,,유리한 정상 (자수),경찰
,,,그림,,
273,진심으로 반성하고 있다.,자기가 저지른 죄를 진심으로 반성하고 있다.,,유리한 정상 (반성),-
,,,그림,,
274,지체장애인이다.,-,,유리한 정상 (지체장애),장애
,,,그림,,
275,청각장애인이다.,-,,유리한 정상 (청각장애),장애
,,,그림,,
276,시각장애인이다.,-,,유리한 정상 (시각장애),장애
,,,그림,,
277,외국인이다.,-,,유리한 정상 (외국인),-
,피고인의 장애가 범행에 영향을 미친 것으로 보인다.,,그림,유리한 정상 (장애인),
278,,피고인은 장애 때문에 범죄를 저지른 것 같다.,,,장애
,,,,,
,,,,,
연번,원문,이지리드 문장,시각자료,명칭,검색어
,,반성하지 않는다. 자신이 잘못했다고 생각하지 않는다. 앞으로 잘못을 고칠 것 같지 않다.,그림,,
279,개전의 정이 없다.,,,불리한 정상,개전의 정
,,,,(반성 안함),
,,,그림,불리한 정상 (신뢰관계 이용),
280,인적 신뢰관계를 이용하여 범행하였다.,상대방이 자신을 믿는 점을 이용하여 범죄를 저질렀다.,,,관계
,,,그림,불리한 정상,
281,피해자가 존속관계(부모)이다.,아버지를 때린 것이므로 매우 나쁘다.,,"(존속 폭행, 아버지)","존속, 부모, 가족"
,,,그림,불리한 정상,
282,피해자가 존속관계(조부모) 이다.,할아버지를 때린 것이므로 매우 나쁘다.,,"(존속 폭행, 할아버지)","존속, 조부모, 가족"
,,,그림,불리한 정상 (미성년 자녀 폭행),
283,피해자가 미성년자/자녀이다.,피해자가 10살 밖에 안된 어린 자녀다. 따라서 피고인을 세게 처벌해야 한다.,,,자녀
,,,그림,,
284,초범이다.,전에 한 번도 죄를 지어 처벌 받은 적이 없다.,,유리한 정상 (초범),처음
,,,그림,,
285,피고인은 피해자와 합의했다.,피해자는 김이박은 용서했다.,,유리한 정상 (합의),용서
,,,,,
,,,,,
연번,원문,이지리드 문장,시각자료,명칭,검색어
,,,그림,,
286,피고인이 피해자를 위하여 상당한 금액을 공탁했다.,김이박이 피해자의 피해 회복을 위해 꽤 큰 돈을 법원에 맡겼다.,,유리한 정상 (공탁),"법원, 피해 회복, 금전"
,,,그림,유리한 정상,
287,피해가 전부 회복되었다. (금전),돈을 모두 돌려받았다.,,"(피해 회복, 금전 모두)","전부, 회복, 금전"
,,,그림,유리한 정상,
288,"피해가 전부 회복되었다. (신체, 정신)",치료비와 위자료를 모두 받았다.,,"(피해 회복, 치료비 모두)","전부, 회복, 위자료, 금전"
,,,그림,유리한 정상,
289,피해가 일부 회복되었다. (금전),돈을 일부 돌려받았다.,,"(피해 회복, 금전 일부)","일부, 회복, 금전"
,,,그림,유리한 정상,
290,"피해가 일부 회복되었다. (신체, 정신)",치료비와 위자료를 일부 받았다.,,"(피해 회복, 치료비 일부)","일부, 회복, 위자료, 금전"
,,,그림,,
291,합의하지 못하였다.,피해자가 용서하지 못하였다.,,불리한 정상 (미합의),용서
,,,그림,"불리한 정상 (피해 미회복, 금전)",
292,피해가 전혀 회복되지 않았다.(금전),돈을 받지 못했다.,,,금전
,,,,,
,,,,,
연번,원문,이지리드 문장,시각자료,명칭,검색어
,,,그림,"불리한 정상 (피해 미회복,",
293,"피해가 전혀 회복되지 않았다.(신체, 정신)",치료비와 위자료를 받지 못하였다.,,"신체, 정신)","치료비, 위자료"
,,,그림,,
294,피해자가 피고인에 대한 엄벌을 탄원하고 있다.,피해자가 김이박을 세게 처벌해달라고 하고 있다.,,불리한 정상,"처벌, 벌"
,,,,(엄벌 탄원),
,,,그림,불리한 정상 (정신적 고통),
295,합의 시도 중 추가적인 정신적 고통을 야기했다.,합의하자고 하면서 피해자를 더 고통스럽게 하였다.,,,"합의, 2차"
,,,,,가해
,청소년인 피해자의 궁박한 사정을 이용하여 범행하였다. (성범죄),,그림,,
296,,청소년인 피해자의 어려운 상황을 이용하여 성범죄를 저질러 더 나쁘다.,,궁박 (청소년 성범죄),-
,청소년인 피해자의 궁박한 사정을 이용하여 범행하였다.,,그림,,
297,(사기),청소년인 피해자의 어려운 상황을 이용하여 사기죄를 저질러 더 나쁘다.,,궁박 (청소년 사기),-
,청소년인 피해자의 궁박한 사정을 이용하여 범행하였다. (강요죄),청소년인 피해자의 어려운 상황을 이용하여 강요죄를 저질러 더 나쁘다.,그림,,
298,,*강요죄 : 다른 사람을 때리거나 협박하여 원하지 않는 일을 하게 만드는 것,,궁박 (청소년 강요죄),-
,,,그림,,
299,피고인이 피해자의 항거불능 상태를 이용하였다.,피고인은 피해자가 피하거나 거부할 수 없는 상태를 이용했다.,,항거불능,-
,,,,(성범죄),
,,,,,
,,,,,
연번,원문,이지리드 문장,시각자료,명칭,검색어
,여러 개의 범죄를 동시에 저지른 경함범으로 기소되었다.,,그림,,
300,,여러 범죄를 저질러서 한꺼번에 재판을 받는다.,,경합범,"범죄, 동시, 재판"
,,"김이박이 저지른 여러 가지 범죄의 벌 중 가장 높은 벌에, 그 벌을 받아야 하는 기간의 절반 만큼을 더해서 벌을 받는다.",그림,,
301,경합범으로 형량을 가중하여 부과한다.,,,"경합범, 가중 처벌","범죄, 형량"
,,00 범행을 여러번 저질러서,그림,,
302,00 범행이 수회 반복되어 습벽이 인정된다.,00 범행이 습관이 되어버렸다.,,상습범,"범죄, 반복, 습관"
,,,,(습벽),
,,,그림,,
303,피해자에게 주먹으로 폭행을 가했다.,멱살을 잡고 주먹으로 때렸다.,,폭행,멱살
,,,,(주먹),
,,,그림,,
304,피해자에게 의자를 사용하여 폭행을 가했다.,의자로 때렸다.,,폭행,-
,,,,(의자),
,,,그림,,
305,피해자에게 맥주잔을 사용하여 폭행을 가했다.,맥주잔으로 때렸다.,,폭행,-
,,,,(맥주잔),
,,,그림,,
306,피해자에게 나무막대기로 폭행을 가했다.,나무막대기로 때렸다.,,폭행 (나무 막대기),-
,,,,,
,,,,,
연번,원문,이지리드 문장,시각자료,명칭,검색어
,,,그림,,
307,상해를 입혔다.,때려 상처를 입혔다.,,폭행,-
,,,,(상해),
,판결이 확정된 날로부터 10일 이내에 판결문을 지참하여 관할 보호관찰소에 방문해야 한다.,,그림,,
308,,판결이 확정되면 10일 안에 이 판결문을 가지고 00보호관찰소에 가야한다.,,보호관찰소,판결문
,,,그림,,
309,야심한 시간에 범행을 저질렀다.,밤늦게 죄를 저질렀다.,,밤,"새벽, 야간, 야심"
,,,그림,,
310,대낮에 범행을 저질렀다.,대낮에 죄를 저질렀다.,,낮,"대낮, 주간"
,,,그림,,
,"보호관찰관의 지시를 따르지 않을 경우, 피고인은 형량이 추가될 수 있다.","피고인이 보호관찰관의 말을 따르지 않으면, 원래 정해 둔 기간보다 00개월 더 감옥에 갇혀 있어야 한다.",,보호관찰 명령 불이행,"불이행, 추가 형량"
311,,,,,
,,,그림,,
312,카드 1장,-,,카드,-
,,,,(1장),
,,,그림,,
313,카드 2장,-,,카드,-
,,,,(2장),
,,,,,
,,,,,
연번,원문,이지리드 문장,시각자료,명칭,검색어
,,,그림,,
314,카드 3장,-,,카드,-
,,,,(3장),
,보이스피싱 범죄 이용 사실을 인지하면서 통장이나 카드를 보관하면 처벌받는다.,보이스피싱 사기 등 범죄에 이용될 것을 알면서 다른 사람의 체크카드나 통장을 보관하면 처벌 받는다.,그림,"전자금융 거래법위반 (카드, 통장, 접근매체 보관)",
315,,,,,"범죄, 이용, 사기"
,체크카드가 사기 범죄에 이용할 가능성을 인지하고 있었다.,,그림,,
316,,김이박은 자신의 체크카드가 보이스피싱 범행에 이용될 것을 알고 있었다.,,전자금융 거래법위반 (범죄 인지),"범죄, 체크카드"
,,,그림,,
317,사기 행위로 속아서 송금했다.,김이박은 속아서 계좌로 돈을 보냈다.,,보이스피싱,송금
,,,,(계좌이체),
,,,그림,,
318,보이스피싱 범죄 책임자가 현금 인출을 지시했다.,보이스피싱 조직의 책임자가 돈을 찾으라고 시켰다.,,보이스피싱,은행
,,,,(현금 인출),
,,,그림,,
319,현금을 인출하려고 했다,돈을 찾으려고 했다.,,보이스피싱,"현금,"
,,,,(ATM 인출),ATM기기
,,,그림,,
320,전철,-,,전철,"전철, 지하철, 대중교통"
,,,,,
,,,,,
연번,원문,이지리드 문장,시각자료,명칭,검색어
,,,그림,,
321,버스,-,,버스,"버스, 대중교통"
,,,그림,,
322,도주하였다.,도망가다,,도망,도주
,,,그림,,
323,복지카드를 보여주다,복지카드를 보여주다,,복지카드 제시,장애
,,,그림,,
324,경찰에 개인정보를 제출해야 한다.,경찰서에 가서 개인정보를 제출해야 한다.,,개인정보 제출,경찰서
,,,그림,,"열쇠, 비밀번호, 인도, 집, 아파트"
325,피고는 원고에게 부동산을 명도/인도하라.,피고는 원고에게 부동산 열쇠(비밀번호)를 넘겨주고 나가야 한다.,,부동산 명도,
,,배상명령 신청을 받아주지 않 는다.,그림,,
326,배상신청인의 배상명령신청을 각하한다.,"*배상명령 : 형사재판에서 법 원이 유죄라고 판단하면, 피 해를 준 사람이 피해 입은 사람 에게 피해를 보상하는 것.",,배상명령 신청 각하,배상명령
,,원고가 중요한 결정을 내릴 수 없을 만큼 정신적으로 혼란스러웠거나 건강이 좋지 않았다.,그림,,
327,원고가 의사무능력 상태에 있었다.,,,의사무능력,무효
,,,,,
,,,,,
연번,원문,이지리드 문장,시각자료,명칭,검색어
,,,그림,,
328,과실상계,피고가 줄 돈을 정할 때 원고가 잘못한 만큼을 뺀다.,,과실상계 (손해 배상액),"손해배상, 상계"
,,,그림,,
329,과실상계를 할 수 있다 / 피고의 책임을 제한할 수 있다.,이 사건에는 원고도 잘못이 있어서 피고가 줄 돈에서 원고의 책임 만큼 돈을 뺀다.,,과실상계,"책임, 상계"
,,,,(책임제한),
,,늦게 갚는 만큼 돈을 더 줘야 한다. 이자가 생기는 것과 비슷하다.,그림,,
330,지연손해금을 지급해야 한다.,,,지연손해금,"지체, 지연"
,,,그림,,
,,,,,
,,,,,
,피고는 원고에게 건물 무단 점유로 인한 부당이득을 반환할 의무가 있다.,"김이박은 허락없이 건물을 사용했고, 그 건물에서 돈을 벌었다. 김이박은 이제라도 건물을 사용료를 내야 한다.",,부당이득 반환,"부당이득, 비용, 사용료"
331,,,,,
,,,그림,,
332,기왕치료비,이미 치료비로 사용한 돈,,기왕치료비,치료비
,,,그림,,
,사고를 당해 일실수입 상당의 손해를 입었다.,사고를 당해서 일을 못해 돈을 벌지 못했다.,,소극적 손해 (일실수입 손해),"사고, 손해, 수입"
333,,,,,
,,,,,
,,,,,
연번,원문,이지리드 문장,시각자료,명칭,검색어
,,,그림,,
334,점유권,피고가 건물을 자기 것처럼 사용하고 있다.,,점유권,"건물, 권리"
,,,그림,,
335,지상권을 가진다.,그 땅 위에 건물을 세우거나 식물을 심을 수 있다.,,지상권,"땅, 권리"
,,,그림,,
336,유치권,-,,유치권,"물건, 권리"
,,,그림,,
337,근저당권,-,,근저당권,"담보, 근저당"
,,,그림,,
338,차임을 지급받았다.,"건물을 빌려주고, 월세를 받았다.",,차임,"건물, 물건"
,,,그림,,
339,차임 상당의 부당이득을 얻었다.,다른 사람의 건물을 허락 없이 마음대로 썼다. 그 월세 만큼 이익을 얻었다.,,부당이득,-
,,,,(차임 상당),
,,,그림,,
340,명의신탁,-,,명의신탁 1,"계약, 주인"
,,,,,
,,,,,
연번,원문,이지리드 문장,시각자료,명칭,검색어
,,,그림,,
341,명의신탁,-,,명의신탁 2,"계약, 주인"
,,,그림,,
342,손익상계,-,,손익상계,"손해, 이익, 금전"
,,"돈이나 물건을 빌린 사람이 빌린 것을 갚으려고 하는데, 받아야 하는 사람이 돈이나 물건을 일부러 안 받으려고 한다.",그림,,
343,채권자 지체,,,채권자 지체,수령지체
,,,그림,,
344,부담부증여,"돈, 물건 등의 재산을 줄 때 재산과 관련한 빚도 함께 넘겨준다.",,부담부증여,"빚, 부담부, 증여"
,,,그림,,
345,채무를 연대보증하였다.,만약 돈 빌린 사람이 돈을 갚지 않으면 내가 대신 갚겠다고 했다.,,연대보증,"채무, 연대"
,,,그림,,
346,연대채무,-,,연대채무1,"채무, 연대, 채무자"
,피고들은 연대하여/공동하여 원고에게 돈을 지급해야 한다.,,그림,,
347,,피고들은 원고에게 함께 돈을 줘야 한다.,,연대채무2,"채무, 연대, 채무자"
,,,,,
,,,,,
연번,원문,이지리드 문장,시각자료,명칭,검색어
,"여러 채무자 중 한 명이 원고에게 금전을 반환할 경우, 그 반환된 금액만큼 전체 채무가 감소 하는 것으로 본다.",,그림,,
,,여러 명 중에 한 명이 돈을 갚으면 갚은만큼 전체 빚이 줄어든다.,,연대 채무,
348,,,,(일부 변제),채무자
,,,그림,,
,,"물건의 주인이 2명 이상일 때, 물건의 주인들은 각자 자기 것을 자유롭게 팔 수 있다.",,,"소유자, 물건, 처분"
349,공유,,,공유,
,,,그림,,
,,"물건의 주인이 2명 이상일 때, 물건을 팔려면 모든 주인이 허락해야 한다.",,,"소유자, 물건, 처분"
350,합유,,,합유,
,,,그림,,
,,"법인이 아닌 단체가 재산의 주인일 때, 단체에서 팔기로 결정해야 팔 수 있다.",,,"법인, 단체, 처분"
351,총유,,,총유,
,,도박에 쓸 돈을 빌려주거나 첩*이 되기로 하는 것과 같이 사회에서 옳지 않다고 생각하는 계약은 무효다.,그림,,
,반사회질서 법률행위는 무효로 한다.,*첩 : 결혼한 남자가 원래 결혼한 아내 외에 함께 사는 여자.,,,"민법 제103조, 계약, 무효"
352,,,,반사회질서 법률행위,
,,,그림,,
,통정허위표시에 해당되어 무효로 한다.,상대방과 짜고 가짜로 한 계약은 무효다.,,통정허위 표시,"계약, 가짜, 허위, 무효"
353,,,,,
,,,,,
,,,,,
연번,원문,이지리드 문장,시각자료,명칭,검색어
,,,그림,,
354,소멸시효가 완성되었다.,권리를 행사할 수 있는 기간이 지났다.,,소멸시효 완성,"권리, 종료, 소멸"
,,,그림,,
355,소멸시효가 완성되지 아니하였다.,아직 권리를 행사할 수 있는 기간이 남았다.,,소멸시효 미완성,"권리, 종료, 소멸"
,,,그림,,
,,,,,
356,계약을 체결했다.,계약서를 썼다.,,계약서,계약
,피고는 원고에게 지급해야 할 금액에서 000원을 공제해야 한다.,,그림,공제,
357,,000원을 빼야 한다.,,(빼기),"금전, 공제"
,,,그림,,
358,피고는 원고에게 추가로 000원을 지급해야 한다.,000원을 더 줘야 한다.,,추가 지급,"금전, 추가"
,,,,(더하기),
,,,그림,경제적 착취 (임금 미지급),
359,경제적 착취,일을 시키고 돈을 주지 않았다.,,,"노동, 일, 월급"
,(임금 미지급),,,,
,근로계약을 체결하지 않은 상태에서 원고에게 일을 시켰다.,,그림,,
360,,근로계약 없이 일을 시켰다.,,경제적 착취 (근로계약),"노동, 일, 계약"
,,,,,
,,,,,
연번,원문,이지리드 문장,시각자료,명칭,검색어
,,,그림,,
,,,,,"고의, 과실, 손해, 배상"
361,손해 발생,-,,손해 발생,
,,,그림,,
,정신적 고통을 초래하였다.,나쁜 행동으로 정신적 피해를 입혔다.,,불법행위 (정신적 피해),
362,,,,,"정신, 고통"
,,,그림,,
,,피고는 원고가 손해 본 만큼 돈을 줘야 한다.,,,"손해, 배상, 금전"
363,손해배상책임,,,손해배상,
,,,그림,,
,건물에서 퇴거할 의무가 있다.,,,,
364,,집에서 완전히 나가야 한다.,,퇴거,"명도, 인도"
,,,그림,,
,임대계약을 체결했다.,,,,
365,,빌려주는 계약을 했다.,,임대계약,"임대, 계약"
,,,그림,,
,임대기간이 종료했다.,,,,
366,,빌려준 기간이 끝났다.,,임대기간,"임대, 종료"
,,,,,
,,,,,
연번,원문,이지리드 문장,시각자료,명칭,검색어
,,"임대인(아파트를 빌려준 사람)이 임대보증금*을 돌려주면, 임차인(아파트를 빌린 사람)은 임대인에게 아파트를 돌려줘야 한다.",그림,,
,"임대인이 임대보증금을 반환할 때, 임차인은 해당 아파트를 원고에게 반환해야 할 의무가 있다.","*임대보증금 : 집, 상점 등을 빌릴 때 집주인(임대인)에게 미리 내는 돈. 집, 상점 등 다 사용하고 돌려주면 돈을 돌려받을 수 있다.",,,
,,,,"동시이행 (상환이행, 건물임대차 종료)","임대인, 임대보증금, 임차인, 반환"
367,,,,,
,,,그림,동시이행,
368,동시이행,-,,(상환이행),-
,,,그림,,
,원고와 피고는 집을 매매하기로 하는 계약을 체결하였다.,,,,
369,,집을 팔기로 하는 계약을 했다.,,매매계약,"집, 매매"
,,,그림,,
,,,,,
370,염전,염전(소금을 만드는 곳),,염전,-
,,,그림,,
,,염전(소금을 만드는 곳)에서 일했다.,,근로,"염전, 노동, 착취"
371,염전에서 근무했다.,,,(염전),
,,,그림,,
,,,,근로,
372,사무실에서 근무했다.,사무실에서 일했다.,,(사무실),"일, 근무, 노동"
,,,,,
,,,,,
연번,원문,이지리드 문장,시각자료,명칭,검색어
,,,그림,,
,,,,근로,"일, 근무, 노동"
373,식당에서 근무했다.,식당에서 일했다.,,(식당),
,"피고는 원고에게 음식과 숙소를 제공하였으나, 원고가 수행한 노동에 대한 대가는 지급하지 않았다.",,그림,,
374,,"음식, 숙소를 마련해 주었지만 일한 것에 대한 돈은 주지 않았다.",,경제적 착취 (무임금),"일, 노동, 임금, 월급"
,돈을 지급하지 않았다.,,그림,금전 미지급,
375,,돈을 안줬다.,,,"금전, 미지급"
,,,그림,,
376,막대기로 엉덩이에 신체적 폭력을 행사하였다.,막대기로 엉덩이를 때렸다.,,신체적 학대 (엉덩이),"폭행, 막대기"
,,,그림,,
377,막대기로 머리에 신체적 폭력을 행사하였다.,막대기로 머리를 때렸다.,,신체적 학대 (머리),"폭행, 막대기"
,,,그림,,
378,막대기로 팔에 신체적 폭력을 행사하였다.,막대기로 팔을 때렸다.,,신체적 학대 (팔),"폭행, 막대기"
,,,그림,,
379,막대기로 허리에 신체적 폭력을 행사하였다.,막대기로 허리를 때렸다.,,신체적 학대 (허리),"폭행, 막대기"
,,,,,
,,,,,
연번,원문,이지리드 문장,시각자료,명칭,검색어
,,,그림,,
,,,,,
380,계약 무효,-,,계약 무효,"계약, 무효"
,,,그림,,
,**아파트 303호에 관한 소유권이전등기를 마쳤다.,**아파트 303호의 등기부*에 적힌 주인 이름을 바꿨다.,,"부동산, 소유권, 이전 등기","아파트, 주인, 등기"
381,,*등기부 : 재산에 관련된 정보를 적어 둔 서류.,,,
,,,그림,,
,,,,,
382,기망,-,,기망,-
,,,그림,,
383,-,-,,재판상 화해,"조정, 화해, 재판"
,,,그림,,
,,,,,
384,-,-,,입증책임,"주장, 증거, 증명, 패소"
,,,,(원고),
,,,그림,,
,,,,,
385,-,-,,입증책임,"주장, 증거, 증명, 패소"
,,,,(피고),
,,,,,
,,,,,
연번,원문,이지리드 문장,시각자료,명칭,검색어
,,,그림,,
386,서증 진정성립,문서가 진짜라는 것이 확인되었다.,,서증 진정성립,"서증, 문서, 진정"
,채무자는 재산관계를 명시한 재산목록을 재산명시기일에 제출해야 한다. (재산명시사건),채무자는 자신의 재산이 무엇이 있는지 문서에 정확하게 적어 정해진 날짜까지 내야 한다.,그림,,
387,,,,재산명시 명령,"채무자, 재산관계, 문서"
,,,그림,,
,,00는 계약하면서 약속한 것을 지키지 않았다.,,,
388,채무불이행으로 인한 손해배상책임,그래서 ㅁㅁ에게 생긴 손해 만큼의 돈을 물어줘야 한다.,,채무불이행 책임,"계약, 손해, 채무"
,,"000은 김이박에게 자기 대신 계약을 해 달라고 시켰다. 김이박은 시킨 대로 계약을 했다. 김이박이 가서 계약서를 썼지만, 계약에 따라 책임질 사람은 000이다.",그림,,
389,김이박은 본인을 대리하여 이 사건 계약을 체결하였다.,,,대리,"대리, 계약"
,,,그림,,
390,후견,법과 관련된 일을 스스로 결정할 능력이 없는 사람의 결정을 도와주고 지원한다.,,후견,"한정후견, 성년후견"
,,"원고는 피고에게 받을 돈(손해배상금)과 피고가 원고에게 받을 돈(대여금)을 서로 없는 걸로 하자고 했다. 원고가 그렇게 하겠다고 분명히 말했기 때문에, 두 사람이 서로에게 받아야 하는 돈은 없어진 것으로 본다. 따라서 원고의 주장은 옳다.",그림,,
,,,,,
,,,,상계,"자동채권, 수동채권, 손해배상금"
391,상계(원고),,,(원고),
,,,,,
,,,,,
연번,원문,이지리드 문장,시각자료,명칭,검색어
,,"피고는 원고에게 받을 돈(손해배상금)과 원고가 피고에게 받을 돈(대여금)을 서로 없는 걸로 하자고 했다. 피고가 그렇게 하겠다고 분명히 말했기 때문에, 두 사람이 서로에게 받아야 하는 돈은 없어진 것으로 본다. 따라서 피고의 주장은 옳다.",그림,,
,,,,,
,,,,상계,"자동채권, 수동채권, 손해배상금"
392,상계(피고),,,(피고),
,,,그림,,
,,,,,
,,,,,
,,,,,
393,상속인,재산을 물려 받는 사람,,상속인,"재산, 상속"
,,,그림,,
,,,,,
,,,,,
,,,,,
394,피상속인,재산을 물려주는 사람,,피상속인,"재산, 상속"
,,,그림,,
395,유류분,-,,유류분,"상속, 유류분"
,,,,,
,,,,,
연번,원문,이지리드 문장,시각자료,명칭,검색어
,,,그림,,
396,기여분,재산을 모으거나 늘리는데 도움을 주거나 돌봐 준 만큼의 재산을 말한다.,,기여분,"상속, 기여분"
,피상속인 A의 상속재산에 대한 청구인의 기여분을 10%로 정한다.,,그림,,
397,,"죽은 A의 재산을 나눌 때, 청구인이 기여한 것을 10%로 한다.",,"상속재산 분할, 기여분","상속, 재산, 기여분"
,,,그림,,
,,,,,
398,"피상속인 A의 배우자 B, 직계비속 C, D","죽은 사람은 A이고, 재산을 물려받는 사람으로는 아내인 B, 자녀들인 C, D가 있다.",,상속인,"상속, 재산, 재산분할"
,,,,(다수),
,,,그림,,
,,빚을 모두 다 갚을 수 없는 상황이라 법원에 빚을 줄여 달라고 요청한다.,,,
399,회생절차개시신청,,,회생절차 개시신청,"빚, 회생"
,,,그림,,
,,빚을 모두 다 갚을 수 없는 상황이라 법원에 지금 가지고 있는 재산만으로 빚을 갚게 해달라고 요청한다.,,,
400,파산,,,파산,"빚, 파산"
,,,그림,,
,,,,,
401,채무를 변제했다.,갚아야 할 돈을 모두 갚았다.,,변제,"빚, 채무"
,,,,,
,,,,,
연번,원문,이지리드 문장,시각자료,명칭,검색어
,,,그림,,
402,대여하였다(소비대 차계약을 체결하였다).,빌려주기로 약속했다.,,소비대차 계약,"계약, 물건, 대여"
,,,그림,,
403,상호 간에 계약을 체결했다.,계약했다.,,계약,계약서
,,,그림,,
,,,,,
404,계약을 해제한다.,이미 맺은 계약을 없애고 처음으로 되돌린다.,,계약 해제,"계약, 해제"
,,,그림,,
,,,,,
405,계약을 해지한다.,계약했지만 더 이상 계약을 이어나가지 않고 끝낸다.,,계약해지,"계약, 해지"
406,정지조건,계약의 조건이 이루어지면 계약대로 해야 한다.,그림,정지조건,"계약, 효력, 조건, 정지조건"
,,,,,
,,계약의 조건이 이루어지면 계약은 끝나게 된다.,그림,,"계약, 효력, 조건, 해제조건, 종료"
407,해제조건,,,해제조건,
,,,그림,,
408,동시이행항변을 주장한다.,자기가 받을 것을 받을 때 자기 것도 주겠다고 주장한다.,,동시이행 항변,"동시, 동시이행관계"
,,,,,
,,,,,
연번,원문,이지리드 문장,시각자료,명칭,검색어
,,,그림,,
,피고는 원고에게 건물을 철거해야 한다.,,,,
409,,피고는 건물을 부숴야 한다.,,건물 철거,"건물, 철거"
,,,그림,,
410,전부명령,-,,전부명령,"채권자, 채무자, 제3"
,,,그림,,
,,,,,"채권자, 채무자, 제3, 회수, 추심"
411,추심명령,-,,추심명령,
,,,그림,,
,,,,,"채권, 양도, 대출금"
412,채권양도,-,,채권양도,
,,,그림,,
,,,,,
413,채권양수,-,,채권양수,"채권, 양수, 대출금"
,,,그림,,
,,,,,
414,증인,-,,증인,증인석
,,,,,
,,,,,
연번,원문,이지리드 문장,시각자료,명칭,검색어
,,,그림,,
,,,,,
415,증언,-,,증언,"증인, 증인석"
,,,그림,,
416,취소,-,,취소,"부당, 취소"
,,,그림,,"의사무능력, 무효"
417,무효,-,,무효,
,,,그림,,
,,직원이 잘못해서 손해를 입힌 경우에 사장이 손해를 책임져야 한다.,,,"고용, 손해, 손해배상, 756"
418,사용자책임,,,사용자책임,
,,,그림,,"국가, 나라, 국가책임, 손해, 손해배상"
419,국가배상책임,나라가 손해에 대한 책임을 지고 돈을 줘야한다.,,국가배상 책임,
,,,그림,,
420,고의가 인정된다.,일부러 한 것이 맞다.,,고의,일부러
,,,그림,,
,,,,,
421,과실이 인정된다.,잘 모르고 실수로 그랬다.,,과실,실수
,,,,,
,,,,,
연번,원문,이지리드 문장,시각자료,명칭,검색어
,,,그림,,
422,위법성이 인정된다.,법을 지키지 않았다.,,위법,불법
,,,그림,,
423,감정인(의사),"진짜인지 아닌지, 얼마큼의 가치가 있는지 등을 살펴보는 전문가다.",,감정인,"감정인, 의사, 감정"
,,,,(의사),
,,,그림,,
424,감정인(전문가),"진짜인지 아닌지, 얼마큼의 가치가 있는지 등을 살펴보는 전문가다.",,감정인,"감정인, 전문가, 감정"
,,,,(전문가),
,,,그림,,
,,,,,"친자 확인, 필적 감정, 지문 감정, 감정"
425,감정 결과,비용이나 가치 등을 전문적으로 확인한 결과다.,,감정 결과,
,,,그림,,
,,,,,
426,감정 결과(필적감정),누구 글씨인지 확인한 결과다.,,감정 결과,"글씨, 글자, 필적, 감정"
,,,,(필적감정),
,,,그림,,
,,,,,"친자, 부모, 자식, 친자 확인"
427,감정결과(친자확인),부모 자식 관계가 맞는지 확인한 결과다.,,감정결과,
,,,,(친자확인),
,,,,,
,,,,,
연번,원문,이지리드 문장,시각자료,명칭,검색어
,,,그림,,
,,,,,
428,감정결과(지문 감정),누구의 지문인지 확인한 결과다.,,감정결과,"지문, 감정"
,,,,(지문 감정),
,,,그림,,
,,,,,
429,사단법인,사람들이 모여 어떤 목적을 위해 법률에 따라 만든 단체다.,,사단법인,"단체, 법인"
,,,그림,,
430,비법인사단,법인 등록은 할 수 없지만 어느 정도의 조직성을 갖춘 단체다.,,비법인사단,"단체, 법인"
,,,그림,,
,,사고 전부터 원래 가지고 있던 질병이나 장애가 있다.,,,
431,기왕증,,,기왕증1,"질병, 장애"
,,,그림,,
432,기왕증,-,,기왕증2,"질병, 허리"
,,,,(허리),
,,,그림,,
433,기왕증,-,,기왕증3,"질병, 팔"
3,,,,(팔),
,,,,,
,,,,,
연번,원문,이지리드 문장,시각자료,명칭,검색어
,,,그림,,
,,,,기왕증4,
434,기왕증,-,,(다리),"질병, 다리"
,별지 목록 기재 교통사고와 관련하여 원고의 피고에 대한 손해배상금 지급채무는 존재하지 아니함을 확인한다.,,그림,,
,,원고가 이 교통사고 때문에 피고에게 더 줄 돈은 없다.,,,"교통사고, 손해배상금, 채무"
435,,,,채무부존재,
,,,그림,,
,,여러 사람이 함께 재산을 물려 받는다.,,,
436,공동상속,,,공동상속,"재산, 상속"
,,,그림,,
,,재산을 물려받지 않고 포기했다.,,,"재산, 상속, 포기"
437,상속포기,,,상속포기,
,,,그림,,
,,,,,
,,,,,
,,,,,
,,,,,"재산, 상속, 빚, 책임"
438,한정승인,-,,한정승인,
,,,,,
,,,,,
연번,원문,이지리드 문장,시각자료,명칭,검색어
,,,그림,,
,,,,,
,,,,,
,,,,,
,,대신 갚아준 돈을 다시 받을 수 있다.,,,
439,구상금,,,구상금,"돈, 빚"
,,,그림,,
,,,,,
440,후유장해,사고로 장애가 계속 남게 되었다.,,후유장해,"사고, 장해, 장애"
,,,그림,,
,,,,,
441,한시장애,일시적으로 몸이 불편하다.,,한시장애,"장해, 장애"
,,일정 시간이 지나 소송을 제기할 권리가 사라지는데 이를 막는 것이다. 소송을 계속 할 수 있다.,그림,,
442,소멸시효 중단,,,소멸시효 중단,"소송, 소멸시효"
,,,그림,,
,,,,,
443,채무승인,자신이 진 빚을 인정한다.,,채무승인,"채무, 빚"
,,,,,
,,,,,
연번,원문,이지리드 문장,시각자료,명칭,검색어
,,,그림,,
444,시효이익 포기,-,,시효이익 포기,"시효이익, 포기, 권리"
,,,그림,,
445,채무면제,빚을 갚지 않아도 된다.,,채무면제,"채무, 빚, 면제"
,,,그림,,
,묵시적으로 계약이 갱신되었다.,서로 이야기를 나누지 않았지만 계약이 자동으로 연장되었다.,,,"임대차, 임대차 연장, 연장"
446,,,,묵시적갱신,
,,,그림,,
,,"상대방에게 줘야 하는 돈이 있다면, 상대방에게 받아야 할 돈(밀린 월세, 손해배상금, 추가로 생긴 이자)을 빼고 준다.",,,
447,"(연체차임, 손해배상금을) 공제한다.",,,공제,"임대차, 연체, 월세, 차임"
,,,그림,,
,,,,,"임대차, 연체, 월세, 차임"
448,연체 차임,밀린 월세,,연체 차임,
,,,그림,,
,,,,,
449,착오,계약서 내용을 잘못 알았다.,,착오,"착오, 계약서"
,,,,,
,,,,,
연번,원문,이지리드 문장,시각자료,명칭,검색어
,,김이박은 이 판결이 확정되지 않은 상태에서도 바로 이 판결을 가지고 이길동의 재산을 돈으로 바꿔달라고 할 수 있다.,그림,,
,,그렇게 해서 이길동의 돈을 받아낼 수 있다.,,,
450,제1항은 가집행할 수 있다.,,,가집행,"판결, 판결문"
,,,그림,,
,"소송비용 중 10%는 원고가, 나머지는 피고가 각 부담한다.","이 소송으로 생긴 비용 중 10%는 원고가 내고, 90%는 피고가 낸다.",,소송비용,"소송비용,"
451,,,,(원고 10%),10%
,,,그림,,
,소송 비용의 20%는 원고가 내고 나머지는 피고가 부담한다.,"이 소송으로 생긴 비용 중 20%는 원고가 내고, 80%는 피고가 낸다.",,소송비용,"소송비용,"
452,,,,(원고 20%),20%
,,,그림,,
,소송 비용의 30%는 원고가 내고 나머지는 피고가 부담한다.,"이 소송으로 생긴 비용 중 30%는 원고가 내고, 70%는 피고가 낸다.",,소송비용,"소송비용,"
453,,,,(원고 30%),30%
,,,그림,,
,소송 비용의 40%는 원고가 내고 나머지는 피고가 부담한다.,"이 소송으로 생긴 비용 중 40%는 원고가 내고, 60%는 피고가 낸다.",,소송비용,"소송비용,"
454,,,,(원고 40%),40%
,,,그림,,
,"소송에 따른 비용은 원고가 50%, 피고가 50%를 부담한다.","이 소송으로 생긴 비용 중 50%는 원고가 내고, 50%는 피고가 낸다.",,소송비용,"소송비용,"
455,,,,(원고 50%),"50% ,절반"
,,,,,
,,,,,
연번,원문,이지리드 문장,시각자료,명칭,검색어
,,,그림,,
,소송 비용의 60%는 원고가 내고 나머지는 피고가 부담한다.,"이 소송으로 생긴 비용 중 60%는 원고가 내고, 40%는 피고가 낸다.",,소송비용,"소송비용,"
456,,,,(원고 60%),60%
,,,그림,,
,소송 비용의 70%는 원고가 내고 나머지는 피고가 부담한다.,"이 소송으로 생긴 비용 중 70%는 원고가 내고, 30%는 피고가 낸다.",,소송비용,"소송비용,"
457,,,,(원고 70%),70%
,,,그림,,
,소송 비용의 80%는 원고가 내고 나머지는 피고가 부담한다.,"이 소송으로 생긴 비용 중 80%는 원고가 내고, 20%는 피고가 낸다.",,소송비용,"소송비용,"
458,,,,(원고 80%),80%
,,,그림,,
,소송 비용의 90%는 원고가 내고 나머지는 피고가 부담한다.,"이 소송으로 생긴 비용 중 90%는 원고가 내고, 10%는 피고가 낸다.",,소송비용,"소송비용,"
459,,,,(원고 90%),90%
,,,그림,,
460,소송비용은 원고가 부담한다.,소송비용은 전부 원고가 낸다.,,소송비용 (원고 100%),"소송비용,"
,,,,,100%
,,,그림,,
,지적장애인으로 이 사건 계약 체결 당시 의사무능력자였다.,,,,"지적장애, 계약 내용, 의사무능력"
461,,지적장애가 있어 계약 내용을 전혀 이해할 수 없었다.,,의사무능력,
,,,,(지적장애),
,,,,,
,,,,,
연번,원문,이지리드 문장,시각자료,명칭,검색어
,,,그림,,
,"지적장애인이지만, 이 사건 계약 체결 당시 의사능력이 충분히 있었다.",지적장애인이지만 계약 내용을 충분히 이해할 수 있었다.,,의사능력 인정 (지적장애),"지적장애, 계약 내용, 의사능력"
462,,,,,
,,,그림,,
,,,,,
463,이 사건 계약은 유효다.,이 계약은 문제 없이 제대로 이루어졌다.,,계약 유효,"계약, 유효"
,,,그림,,
464,돈,-,,돈,금전
,,원고와 피고는 이혼한다. 이혼은 결혼을 없던 일로 하는 것이다. 이혼을 하게 되면 더이상 법적으로 부부가 아니다.,그림,,
,원고와 피고는 이혼한다.,,,이혼,"이혼, 하트, 부부"
465,,,,(하트),
,,원고와 피고는 이혼한다. 이혼은 결혼을 없던 일로 하는 것이다. 이혼을 하게 되면 더이상 법적으로 부부가 아니다.,그림,,
,원고와 피고는 이혼한다.,,,이혼,"이혼, 결혼사진, 부부"
466,,,,(결혼사진),
,,,그림,,
,사건본인들에 대한 친권자 및 양육자로 원고를 지정한다.,원고가 아이들과 같이 살면서 책임지고 키운다. 피고는 아이들과 같이 살 수 없다.,,"친권자, 양육자","이혼, 자녀, 양육"
467,,,,,
,,,,,
,,,,,
연번,원문,이지리드 문장,시각자료,명칭,검색어
,,,그림,,
468,피고는 원고에게 위자료 100만 원을 지급한다.,피고는 원고의 마음을 아프게 하였으므로 100만 원을 줘야 한다.,,위자료,이혼
,,,그림,,
,원고가 자녀를 양육한다.,원고가 같이 살면서 아이를 키운다.,,원고,"양육자, 원고, 아이 1명"
469,,,,(아이 1명),
,,,그림,,
,,,,원고,
470,원고가 자녀들을 양육한다.,원고가 같이 살면서 아이들을 키운다.,,(아이 2명),"양육자, 원고, 아이 2명"
,,,그림,,
,피고가 자녀를 양육한다.,피고가 같이 살면서 아이를 키운다.,,피고,"양육자, 피고, 아이 1명"
471,,,,(아이 1명),
,,,그림,,
,,,,피고,
472,피고가 자녀들을 양육한다.,피고가 같이 살면서 아이들을 키운다.,,(아이 2명),"양육자, 피고, 아이 2명"
,,,그림,,
,원고와 피고는 사실혼 관계로 자녀와 함께 살고 있다.,,,가족,"가족, 자녀"
473,,자녀와 함께 부부처럼 살고 있습니다.,,(자녀 1명),1명
,,,,,
,,,,,
연번,원문,이지리드 문장,시각자료,명칭,검색어
,,,그림,,
,원고와 피고는 자녀와 함께 사실상 부부의 관계로 생활하고 있다.,자녀와 함께 사실상 부부처럼 함께 살고 있다.,,가족,"가족, 자녀"
474,,,,(자녀 2명),2명
,,,그림,,
,,,,,
475,친권을 상실한다.,부모로서의 권리를 빼앗는다.,,친권상실,"이혼, 친권"
,,,그림,,
,,결혼생활 중에 자주 말싸움을 했다.,,,"결혼, 이혼, 다툼"
476,부부싸움,,,부부싸움,
,,,그림,,
,,,,소통부족 (대화 어려움) 1,
477,결혼생활 중 대화가 원활하지 않았다.,대화가 잘 안되었다.,,,"부부싸움, 대화"
,,,그림,,
,결혼생활 중 대화가 원활하지 않았다.,,,소통부족 (대화 어려움) 2,"부부싸움, 대화"
478,,대화가 잘 안되었다.,,,
,,,그림,,
,,,,가출,"부부싸움, 가출"
479,가출했다.,집을 나왔다.,,(원고),
,,,,,
,,,,,
연번,원문,이지리드 문장,시각자료,명칭,검색어
,,,그림,,
,,,,가출,"부부싸움, 가출"
480,가출했다.,집을 나왔다.,,(피고),
,,,그림,,
481,별거 중이다.,각자 따로 산다.,,별거,부부싸움
,,,그림,,
,원고는 이혼을 희망하여 이 소송을 제기하였다.,원고는 이혼을 하기 위해 소송을 했다.,,,"부부싸움, 이혼, 소송"
482,,,,이혼 소송,
,,,그림,,
,,다른 사람의 아이를 자신의 아이처럼 가족으로 받아들이는 것,,,
483,입양,,,입양,"아이, 자녀"
,,,그림,,
,,,,,
484,학대하였다.,아이를 괴롭히고 때렸다.,,학대,"아이, 자녀"
,,,그림,,
,,,,,
485,학대를 방조했다.,아이를 때리는 것을 말리지 않고 지켜보고 있었다.,,학대 방조,"아이, 자녀, 학대"
,,,,,
,,,,,
연번,원문,이지리드 문장,시각자료,명칭,검색어
,,,그림,,
,,,,,
486,학대로 인해 사망했다.,"아이를 때리고 돌보지 않아, 아이가 죽었다.",,아동학대 사망,"아이, 자녀, 학대, 사망"
,,,그림,,
,이혼의 원인은 원고에게 있다.,,,이혼 원인,"이혼, 이혼 원인"
487,,원고의 잘못이 더 크다.,,(원고),
,,,그림,,
,이혼의 원인은 피고에게 있다.,,,이혼 원인,"이혼, 이혼 원인"
488,,피고의 잘못이 더 크다.,,(피고),
,,,그림,,
,혼인관계가 파탄에 이르렀다.,"부부 사이가 너무 나빠졌고, 다시 좋아질 수도 없다.",,혼인관계 파탄,"부부, 부부싸움, 파탄"
489,,,,,
,,,그림,,
,부부는 서로에게 폭력을 행사해서는 안된다.,,,부부간 폭력금지,"부부, 폭력, 부부싸움"
490,,부부는 서로 때리면 안된다.,,,
,,,그림,,
,,부부는 함께 살아가기 위해 필요한 것들을 사거나 팔 때 서로를 대신해서 결정할 수 있다.,,일상가사 대리권,"부부, 일상, 가사"
491,일상가사대리권,,,,
,,,,,
,,,,,
연번,원문,이지리드 문장,시각자료,명칭,검색어
,,,그림,,
492,아빠가 아이를 강하게 훈육했다.,아빠가 아이들을 혼내고 무섭게 가르쳤다.,,과도한 훈육 (아빠),"훈육, 아빠"
,,,그림,,
493,엄마가 아이를 강하게 훈육했다.,엄마가 아이들을 혼내고 무섭게 가르쳤다.,,과도한 훈육 (엄마),"훈육, 엄마"
,,,그림,,
,,,,재산 분할,"재산 분할,"
494,재산을 원고와 피고 각 50%로 분할한다.,"재산을 원고 50%, 피고 50%로 나눈다.",,-50%,"50%, 절반"
,,,그림,,
,"재산을 원고 40%, 피고 60%로 분할한다.",,,재산 분할,"재산 분할,"
495,,"재산을 원고 40%, 피고 60%로 나눈다.",,(원고 40%),40%
,,,그림,,
,"재산을 원고 30%, 피고 70%로 분할한다.",,,재산 분할,"재산 분할,"
496,,"재산을 원고 30%, 피고 70%로 나눈다.",,(원고 30%),30%
,,,그림,,
,"재산을 원고 20%, 피고 80%로 분할한다.",,,재산 분할,"재산 분할,"
497,,"재산을 원고 20%, 피고 80%로 나눈다.",,(원고 20%),20%
,,,,,
,,,,,
연번,원문,이지리드 문장,시각자료,명칭,검색어
,,,그림,,
,,,,,
498,"재산을 원고 10%, 피고 90%로 분할한다.","재산을 원고 10%, 피고 90%로 나눈다.",,재산 분할,"재산 분할,"
,,,,(원고 10%),10%
,,,그림,,
,,,,,
499,"재산을 원고 90%, 피고 10%로 분할한다.",재산을 원고 90% 피고 10%로 나눈다.,,재산 분할,"재산 분할,"
,,,,(원고 90%),90%
,,,그림,,
,,,,,
500,"재산을 원고 80%, 피고 20%로 분할한다.","재산을 원고 80%, 피고 20%로 나눈다.",,재산 분할,"재산 분할,"
,,,,(원고 80%),80%
,,,그림,,
,,,,,
501,"재산을 원고 70%, 피고 30%로 분할한다.","재산을 원고 70%, 피고 30%로 나눈다.",,재산 분할,"재산 분할,"
,,,,(원고 70%),70%
,,,그림,,
,,,,,
502,"재산을 원고 60%, 피고 40%로 분할한다.","재산을 원고 60%, 피고 40%로 나눈다.",,재산 분할,"재산 분할,"
,,,,(원고 60%),60%
,,,,,
,,,,,
연번,원문,이지리드 문장,시각자료,명칭,검색어
,,,그림,,
503,원고와 피고는 00.,원고와 피고는 00. 00. 00.,,혼인신고,결혼
,00. 00. 혼인신고를 마쳤다,혼인신고를 했다,,,
,,,그림,,
,"피고는 대한민국에 입국한 적이 없으며, 원고와 연락이 두절된 상태이다.",피고는 한국에 오지 않았다. 피고는 연락이 되지 않는 상태다.,,"미입국, 연락두절 (남자)","연락, 연락두절"
504,,,,,
,,,그림,,
,"피고는 대한민국에 입국한 적이 없으며, 원고와 연락이 두절된 상태이다.",피고는 한국에 오지 않았다. 피고는 연락이 되지 않는 상태다.,,"미입국, 연락두절 (여자)","연락, 연락두절"
505,,,,,
,,,그림,,
506,이 사건 혼인은 피고의 기망에 의한 것이다.,피고가 속여서 결혼한 것이다.,,혼인 기망,"혼인 취소, 기망"
,,,,(남자),
,,,그림,,
507,이 사건 혼인은 피고의 기망에 의한 것이다.,피고가 속여서 결혼한 것이다.,,혼인 기망,"혼인 취소, 기망"
,,,,(여자),
,혼인무효 사유인 ‘당사자 간에 혼인의 합의가 없는 때’란 당사자 사이에 사회관념상 부부라고 인정되는 정신적 · 육체적 결합을 생기게 할 의사의 합치가 없는 경우를 의미한다.,,그림,,
,,,,,
,,두 사람이 모두 진짜로 부부가 되려는 마음 없이 한 결혼은 무효다.,,혼인 무효 (혼인합의 부재),"결혼, 혼인, 무효, 혼인합의 부재"
508,,,,,
,,,,,
,,,,,
연번,원문,이지리드 문장,시각자료,명칭,검색어
,당사자 일방에게만 그와 같은 참다운 부부관계의 설정을 바라는 효과의사가 있고 상대방에게는 그러한 의사가 결여되었다면 당사자 간에 혼인의 합의가 없는 것이어서 무효이다.,,그림,,
,,,,,
,,두 사람 중 한 사람이라도 진짜 부부가 되기를 바라지 않는 결혼은 무효다.,,혼인 무효,
509,,,,(남자),"결혼, 혼인, 무효"
,당사자 일방에게만 그와 같은 참다운 부부관계의 설정을 바라는 효과의사가 있고 상대방에게는 그러한 의사가 결여되었다면 당사자 간에 혼인의 합의가 없는 것이어서 무효이다.,,그림,,
,,,,,
,,두 사람 중 한 사람이라도 진짜 부부가 되기를 바라지 않는 결혼은 무효다.,,,
510,,,,혼인 무효,"결혼, 혼인, 무효"
,,,,(여자),
,,,그림,,
,,,,,
511,이 혼인은 무효이다.,이 결혼은 무효다.,,혼인 무효1,"결혼, 혼인, 무효"
,,,,,
,,"혼인 신고를 한 것을 없던 일로 한다. 혼인 무효가 되면, 처음부터 부부가 아니었던 것이 된다.",,,
512,혼인무효,,,혼인무효2,"결혼, 혼인, 무효"
,,"혼인을 취소한다. 취소 판결을 받은 다음부터는 부부가 아니게 된다. 단, 그 이전에는 부부였던 것으로 인정한다.",그림,,
513,혼인취소,,,혼인취소,"결혼, 혼인, 취소"
,,,,,
,,,,,
연번,원문,이지리드 문장,시각자료,명칭,검색어
,,,그림,,
,원고와 피고는 부부관계를 가지지 않았다.,,,혼인 무효 (부부관계 부존재),"혼인 무효, 부부관계, 잠자리"
514,,원고와 피고는 잠자리를 함께 하지 않았다.,,,
,,,그림,,
,원고와 피고는 부부공동생활을 한 적이 전혀 없다.,,,혼인 무효 (공동생활 부존재),
515,,원고와 피고는 함께 살거나 부부처럼 지낸 적이 없다.,,,"혼인 무효, 공동생활"
,,,그림,,
,피고가 원고에게 폭언과 폭행을 일삼는 바람에 혼인관계가 파탄에 이르렀다.,,,,"혼인 파탄, 이혼, 폭언, 폭행"
516,,피고가 원고에게 자주 욕하고 때려서 결혼생활이 끝났다.,,혼인파탄,
,,,,(남자 폭행),
,,,그림,,
,피고가 원고에게 폭언과 폭행을 일삼는 바람에 혼인관계가 파탄에 이르렀다.,,,,
517,,피고가 원고에게 자주 욕하고 때려서 결혼생활이 끝났다.,,혼인파탄,"혼인 파탄, 이혼, 폭언, 폭행"
,,,,(여자 폭행),
,피고는 원고와의 관계를 회복하기 위한 노력을 하지 아니한 채 오히려 아래에서 보는 바와 같이 인정되기 어려운 사정들을 들어 혼인관계의 파탄을 원고의 탓으로 돌리고 있다.,,그림,,
,,,,,
,,피고는 원고와의 좋게 지내려고 노력하지 않았다. 오히려 사이가 나빠진 것을 원고의 탓으로 돌리고 있다.,,,
518,,,,혼인 파탄,"혼인 파탄, 이혼"
,,,,(남자),
,,,,,
,,,,,
연번,원문,이지리드 문장,시각자료,명칭,검색어
,피고는 원고와의 관계를 회복하기 위한 노력을 하지 아니한 채 오히려 아래에서 보는 바와 같이 인정되기 어려운 사정들을 들어 혼인관계의 파탄을 원고의 탓으로 돌리고 있다.,,그림,,
,,,,,
,,피고는 원고와의 좋게 지내려고 노력하지 않았다. 오히려 사이가 나빠진 것을 원고의 탓으로 돌리고 있다.,,,
519,,,,혼인 파탄,"혼인 파탄, 이혼"
,,,,(여자),
,,,그림,,
,원고와 피고는 모두 이혼을 원하고 있다.,원고와 피고는 모두 이혼을 원한다.,,이혼의사 합치1,"부부싸움, 이혼"
520,,,,,
,"원고와 피고 모두 이혼에 동의하면서 관계회복이나 개선을 위한 별다른 노력을 하지 않고 있는 점을 종합하여 보면, 원고와 피고의 혼인관계는 더 이상 돌이킬 수 없을 정도로 파탄에 이르렀다.",,그림,,
,,,,,
,,"원고와 피고는 모두 이혼을 원하고, 관계가 좋아지기 위한 노력을 하지 않았다. 원고와 피고의 부부관계는 좋아지기 어렵다.",,,
521,,,,이혼의사 합치,"혼인 파탄, 이혼"
,부부관계의 신뢰와 애정을 심각하게 손상시켜 그 갈등의 근본적인 원인을 제공한 사람은 피고라 할 것이다.,,그림,,
522,,부부 사이가 나빠진 것은 피고 탓이다.,,유책,"혼인 파탄, 이혼, 갈등, 책임"
,,,,(남자)1,
,원고를 이해하려는 노력을 하지 않고 악담을 하는 등 갈등을 조장하여 부부관계의 신뢰와 애정을 손상시켰다.,피고는 원고를 이해하려고 노력하지 않고 나쁜 말을 하여 싸움을 일으켰다. 그래서 부부 사이의 믿음과 사랑이 없어졌다.,그림,,
,,,,유책,"혼인 파탄, 이혼, 갈등, 책임"
523,,,,(남자)2,
,,,,,
,,,,,
연번,원문,이지리드 문장,시각자료,명칭,검색어
,부부관계의 신뢰와 애정을 심각하게 손상시켜 그 갈등의 근본적인 원인을 제공한 사람은 피고라 할 것이다.,,그림,,
524,,부부 사이가 나빠진 것은 피고 탓이다.,,유책,"혼인 파탄, 이혼, 갈등, 책임"
,,,,(여자1),
,원고를 이해하려는 노력을 하지 않고 악담을 하는 등 갈등을 조장하여 부부관계의 신뢰와 애정을 손상시켰다.,피고는 원고를 이해하려고 노력하지 않고 나쁜 말을 하여 싸움을 일으켰다. 그래서 부부 사이의 믿음과 사랑이 없어졌다.,그림,,
,,,,유책,"혼인 파탄, 이혼, 갈등, 책임"
525,,,,(여자2),
,원고와 피고 모두 사랑과 이해를 바탕 으로 상대방을 배려 하려고 노력하기 보다는 자신의 입장에서 상대방을 바라보면서 자신이 원하는 것만을 주장하기에 급급하였던 쌍방 모두에게 책임이 있다. 그 책임의 정도 또한 대등하다.,,그림,,
,,,,,
,,,,,
,,"피고와 원고는 서로를 이해하려고 노력하지 않았고, 결혼생활이 망가진 것을 둘다 똑같이 책임을 가진다.",,,
526,,,,혼인 파탄,"혼인 파탄, 이혼, 갈등, 책임"
,,,,(쌍방책임),
,,,그림,,
,피고는 00.00.00,,,부정행위,"혼인 파탄, 바람, 부정행위"
527,김00와 부정행위를 하였다.,피고는 00.00.00 김00와 바람을 피웠다.,,(남자),
,,,그림,,
,피고는 00.00.00,,,부정행위,"혼인 파탄, 바람, 부정행위"
528,김00와 부정행위를 하였다.,피고는 00.00.00 김00와 바람을 피웠다.,,(여자),
,,,,,
,,,,,
연번,원문,이지리드 문장,시각자료,명칭,검색어
,이00는 피고와,,그림,,
,2013. 8.경부터,,,,
,2014. 1.경,이00은 피고와 5개월 동안 자주 연락하면서 집에 찾아가서 자고 오기도 했다.,,,"혼인 파탄, 바람, 부정 행위, 연락, 외박"
529,"까지 약 5개월간 총 200회가 넘는 통화나 문자를 주고받았고, 피고의 거주지에 드나들며 그곳에서 외박을 하고 나오기도 하였다.",,,혼인 파탄,
,,,,(남자 외박),
,이00는 피고와,,그림,,
,2013. 8.경부터,,,,
,2014. 1.경까지 약,이00은 피고와 5개월 동안 자주 연락하면서 집에 찾아가서 자고 오기도 했다.,,,"혼인 파탄, 바람, 부정 행위, 연락, 외박"
530,"5개월간 총 200회가 넘는 통화나 문자를 주고받았고, 피고의 거주지에 드나들며 그곳에서 외박을 하고 나오기도 하였다.",,,혼인 파탄,
,,,,(여자 외박),
,피고는 원고에게 위자료로 000원 및 이에 대하여 00. 00.,,그림,,
,00.부터 00. 00.,,,,
,"00.까지는 연 5%의, 그 다음날부터 다 갚는 날까지는 연 12%의 각 비율로 계산한 돈을 지급하라.",,,,
531,,피고는 원고에게 위자료 000원을 줘야 한다.,,위자료,"이혼, 위자료"
,,,,(남자 유책),
,피고는 원고에게 위자료로 000원 및 이에 대하여 00. 00.,,그림,,
,00.부터 00. 00.,,,,
,"00.까지는 연 5%의, 그 다음날부터 다 갚는 날까지는 연 12%의 각 비율로 계산한 돈을 지급하라.",,,,
532,,피고는 원고에게 위자료 000원을 줘야 한다.,,위자료,"이혼, 위자료"
,,,,(여자 유책),
,,,,,
,,,,,
연번,원문,이지리드 문장,시각자료,명칭,검색어
,,,그림,,
,피고는 원고에게 생활비를 전혀 주지 않았다.,피고는 원고에게 생활비를 전혀 주지 않았다.,,생활비 미지급,"이혼, 생활비 미지급"
533,,,,,
,,,그림,,
,원고는 피고로부터의 전화수신을 차단하였다.,원고는 피고의 전화를 차단했다.,,전화 차단,"이혼, 전화 차단"
534,,,,(남자),
,,,그림,,
,원고는 피고로부터의 전화수신을 차단하였다.,원고는 피고의 전화를 차단했다.,,전화 차단,"이혼, 전화 차단"
535,,,,(여자),
,,,그림,,
,원고는 자신이 거주하는 아파트 비밀번호를 바꾸어 버렸다.,,,비밀번호 변경(남자),"이혼, 비밀번호 변경"
536,,원고는 집 비밀번호를 바꿨다.,,,
,,,그림,,
,원고는 자신이 거주하는 아파트 비밀번호를 바꾸어 버렸다.,,,비밀번호 변경(여자),"이혼, 비밀번호 변경"
537,,원고는 집 비밀번호를 바꿨다.,,,
,,,그림,,
,피고는 00.00.00.경 집을 나간 후 현재까지 연락 두절인 상태이다.,피고는 00년 00월 00일에 집을 나가 지금까지 연락이 되지 않는다.,,가출,
538,,,,(남자),"이혼, 연락 두절"
,,,,,
,,,,,
연번,원문,이지리드 문장,시각자료,명칭,검색어
,,,그림,,
,피고는 00.00.00.경 집을 나간 후 현재까지 연락 두절인 상태이다.,피고는 00년 00월 00일에 집을 나가 지금까지 연락이 되지 않는다.,,가출,"이혼, 연락 두절"
539,,,,(여자),
,원고와 피고의 혼인관계는 더 이상 돌이킬 수 없을 정도로 파탄에 이르렀다.,,그림,,
,,원고와 피고의 관계가 너무 나빠졌다.,,,"이혼, 혼인 파탄"
540,,이제는 다시 좋아질 수 없다.,,혼인 파탄,
,,,그림,,
,파탄에 이른 원인은 피고의 유기 때문이다.,결혼이 망가진 이유는 피고가 부부로서 당연히 가져야 할 관심을 갖지 않고 원고를 혼자 두었기 때문이다.,,상대방유기,
541,,,,(남자),"이혼, 유기"
,,,그림,,
,파탄에 이른 원인은 피고의 유기 때문이다.,결혼이 망가진 이유는 피고가 부부로서 당연히 가져야 할 관심을 갖지 않고 원고를 혼자 두었기 때문이다.,,상대방유기,
542,,,,(여자),"이혼, 유기"
,,,그림,,
,,,,술,
543,피고는 빈번히 음주를 하였다.,피고는 술을 자주 마셨다.,,(남자),"이혼, 음주, 알콜 중독"
,,,그림,,
,,,,술,
544,피고는 빈번히 음주를 하였다.,피고는 술을 자주 마셨다.,,(여자),"이혼, 음주, 알콜 중독"
,,,,,
,,,,,
연번,원문,이지리드 문장,시각자료,명칭,검색어
,,,그림,,
,원고는 피고에게 자주 욕설을 하였다.,원고는 피고에게 자주 욕을 했다.,,욕설,"이혼, 욕설, 욕"
545,,,,(남자),
,,,그림,,
,원고는 피고에게 자주 욕설을 하였다.,원고는 피고에게 자주 욕을 했다.,,욕설,"이혼, 욕설, 욕"
546,,,,(여자),
,,,그림,,
,원고는 피고와 아이들을 폭행하였다.,원고는 피고와 아이들을 때렸다.,,폭행,
547,,,,(남자),"이혼, 폭행"
,,,그림,,
,원고는 피고와 아이들을 폭행하였다.,원고는 피고와 아이들을 때렸다.,,폭행,
548,,,,(여자),"이혼, 폭행"
,,,그림,,
,원고는 피고에게 물건을 던지고 소리를 지르는 등 폭력을 행사하였다.,,,폭력적,
549,,"원고는 피고에게 물건을 던지고, 소리를 질렀다.",,(남자),"이혼, 폭행"
,,,그림,,
,원고는 피고에게 물건을 던지고 소리를 지르는 등 폭력을 행사하였다.,"원고는 피고에게 물건을 던지고, 소리를 질렀다.",,폭력적,
550,,,,(여자),"이혼, 폭행"
,,,,,
,,,,,
연번,원문,이지리드 문장,시각자료,명칭,검색어
,,,그림,,
,원고는 피고나 자녀들에게 폭언 내지 악담을 하곤 하였다.,,,폭언,
551,,"원고는 피고, 아이들에게 거친 말, 욕을 했다.",,(남자),"이혼, 폭행, 욕"
,,,그림,,
,원고는 피고나 자녀들에게 폭언 내지 악담을 하곤 하였다.,,,폭언,
552,,"원고는 피고, 아이들에게 거친 말, 욕을 했다.",,(여자),"이혼, 폭행, 욕"
,,,그림,,
,원고는 00.00.00 이 사건 이혼소송을 제기하였다.,,,이혼 소송,
553,,원고는 00년 00월 00일에 이혼 소송을 시작했다.,,(남자),"이혼, 이혼소송"
,,,그림,,
,원고는 00.00.00 이 사건 이혼소송을 제기하였다.,,,이혼 소송,
554,,원고는 00년 00월 00일에 이혼 소송을 시작했다.,,(여자),"이혼, 이혼소송"
,"신청인과 피신청인 사이의 이 법원 0000 이혼 및 위자료 사건이 종결될 때까지, 피신청인은 신청인의 의사에 반하여 신청인",,그림,,
,"에게 접근하거나, 신청인의 거주지인 0000를 방문하거나, 면담을 강요하여서는 아니된다.",,,,
,,"신청인과 피신청인 사이의 이혼과 위자료 소송이 끝날 때까지, 신청인은 피신청인에게 찾아가면 안 된다. 피신청인의 집을 방문해도 안 되고, 억지로 만나자고 해도 안 된다.",,,
,,,,"사전처분 (접근금지, 남자)",
555,,,,,"이혼, 접근금지"
,,,,,
,,,,,
연번,원문,이지리드 문장,시각자료,명칭,검색어
,"신청인과 피신청인 사이의 이 법원 0000 이혼 및 위자료 사건이 종결될 때까지, 피신청인은 신청인의 의사에 반하여 신청인",,그림,,
,"에게 접근하거나, 신청인의 거주지인 0000를 방문하거나, 면담을 강요하여서는 아니된다.",,,,
,,"신청인과 피신청인 사이의 이혼과 위자료 소송이 끝날 때까지, 신청인은 피신청인에게 찾아가면 안 된다. 피신청인의 집을 방문해도 안 되고, 억지로 만나자고 해도 안 된다.",,,
,,,,"사전처분 (접근금지, 여자)",
556,,,,,"이혼, 접근금지"
,,,그림,,
,사건본인의 친권자로 원고와 피고를 공동으로 지정한다.,아이의 친권은 원고와 피고가 함께 나누어 가진다.,,,
557,,*친권 : 부모가 자녀를 돌보고 키울 수 있는 권리와 책임,,공동친권,"이혼, 친권, 친권자"
,,,그림,,
,,,,양육자,
558,사건본인의 양육자로 원고를 지정한다.,아이의 양육은 원고가 맡는다.,,(원고),"이혼, 양육, 양육자"
,,,그림,,
,,,,양육자,
559,사건본인의 양육자로 피고를 지정한다.,아이의 양육은 피고가 맡는다.,,(피고),"이혼, 양육, 양육자"
,,,그림,,
,사건본인의 양육자로 원고와 피고를 공동으로 지정한다.,,,,
560,,아이의 양육은 원고와 피고가 함께 맡는다.,,공동양육,"이혼, 양육, 양육자"
,,,,,
,,,,,
연번,원문,이지리드 문장,시각자료,명칭,검색어
,,,그림,,
,,,,,
561,원고는 피고에게 사건본인을 인도하라,원고는 피고에게 아이를 보내줘야 한다.,,유아인도,"이혼, 자녀, 인도"
,,,,(원고),
,,,그림,,
,피고는 원고에게 사건본인을 인도하라.,,,,
562,,피고는 원고에게 아이를 보내줘야 한다.,,유아인도,"이혼, 자녀, 인도"
,,,,(피고),
,,,그림,,
,청구인(원고)은 이혼 무렵부터 사건본인이 성년에 달할 때까지 사건본인을 양육하여 왔다.,,,미성년자 양육(성년 시까지),
563,,원고는 이혼 후 아이가 성년이 될 때까지 양육해왔다.,,,"이혼, 자녀, 양육, 성년"
,상대방이 부담하여야 할 사건본인에 대한,,그림,,
,00.00.00.부터,"아이를 지금까지 키우는 데 들었던 양육비는 000원이고, 앞으로 들어갈 양육비는 한 달에 000원이다.",,,
564,00.00.00.까지의,,,양육비,"이혼, 양육비"
,"과거양육비를 000 원, 장래양육비를 월 000원으로 정함이 상당하다.",,,(이유 부분),
,상대방은 청구인에게 사건본인들에 대한 양육비로,,그림,,
,00.00.00.부터 각,,,,
,사건본인들이 성년에 이르기 전 날까지 사건본인 1인당,00.00.00.부터 아이가 성인이 될 때까지 1인당 월 50만 원을 양육비로 줘야 한다.,,양육비,
565,월 50만 원씩을 매월 말일에 지급하라.,,,(1명),"이혼, 양육비"
,,,,,
,,,,,
연번,원문,이지리드 문장,시각자료,명칭,검색어
,상대방은 청구인에게 사건본인들에 대한 양육비로,,그림,,
,00.00.00.부터 각,,,,
,사건본인들이 성년에 이르기 전 날까지 사건본인 1인당 월 50만 원씩을 매월 말일에 지급하라.,00.00.00.부터 아이가 성인이 될 때까지 1인당 월 50만 원을 양육비로 줘야 한다.,,,
566,,,,양육비,"이혼, 양육비"
,,,,(2명),
,상대방은 청구인에게 사건본인들에 대한 양육비로,,그림,,
,00.00.00.부터 각,,,,
,사건본인들이 성년에 이르기 전 날까지 사건본인 1인당,00.00.00.부터 아이가 성인이 될 때까지 1인당 월 50만 원을 양육비로 줘야 한다.,,,
567,월 50만 원씩을 매월 말일에 지급하라.,,,양육비,"이혼, 양육비"
,,,,(3명),
,"신청인과 피신청인 사이의 이 법원 000 사건의 제1심 절차가 종결할 때까지, 신청인을 사건본인에 대한 임시양육자로 지정한다.",,그림,,
,,,,,
,,이혼 소송이 끝날 때까지는 일단 엄마가 아이와 함께 살면서 키운다.,,임시양육자 지정,
568,,,,,"이혼, 양육"
,"신청인과 피신청인 사이의 이 법원 000 사건의 제1심 절차가 종결할 때까지, 피신청인은 신청인에게 사건 본인에 대한 양육비로 00.00.00부터 매월 말일에 월 00 원 씩을 지급하라.",,그림,,
,,,,,
,,피신청인은 신청인에게,,,
,,00.00.00.부터 소송이 끝날 때까지 매달 말일에 아이 양육비 00원을 줘야 한다.,,사전처분 양육비,
569,,,,,"이혼, 양육비"
,,,,,
,,,,,
연번,원문,이지리드 문장,시각자료,명칭,검색어
,사건본인 이혜연에 대한 과거양육비로 000 원 및 이에 대하여 이 심판 확정일 다음날부터,,그림,,
,다 갚는 날까지 연 5%의 비율에 의한 돈을 지급하라,아이를 지금까지 양육하는데 든 돈 00원과 심판 확정일 다음 날부터 돈을 다 갚을 때까지 연 ５%로 계산한 이자를 함께 줘야한다.,,,
570,,,,과거 양육비,"이혼, 양육비"
,"신청인은 신청인과 피신청인 사이의 0000 사건의 제1심 절차가 종결할 때까지, 사건",,그림,,
,"본인을 아래와 같이 면접교섭할 수 있다. 매월 둘째, 넷째 토요일 12시부터 일요일 20시까지(숙박포함)",,,,
,,,,,
571,,신청인은 소송이 끝날 때까지 아이를 정해진 시간에 만날 수 있다.,,사전처분 면접교섭,"이혼, 자녀, 면접, 면접교섭"
,,,그림,,
,피고는 사건본인과 자유롭게 면접교섭할 수 있다. 원고는 이에 적극 협조한다.,피고는 아이와 자유롭게 만날 수 있다. 원고는 피고가 아이를 만날 수 있도록 도와야 한다.,,,"이혼, 자녀, 면접, 면접교섭"
572,,,,면접교섭 자유,
,원고 및 원고의 가족은 면접교섭에 적극 협조하여야 한다. 원고 및 원고의 가족은 이를 방해하여서는 안 된다.,,그림,,
,,원고와 원고의 가족은 피고가 아이를 만나는 것을 방해하면 안 된다.,,,"이혼, 자녀, 면접, 면접교섭"
573,,,,면접교섭 협조,
,피고가 원하는 시간에 사건본인과 자유롭게 영상통화를 한다. 피고가 원고의 휴대폰으로 전화를 걸기로 한다.,,그림,,
,,피고는 아이와 자유롭게 영상통화할 수 있다. 피고가 원고의 휴대폰으로 전화를 해야 한다.,,면접교섭 영상통화,"이혼, 자녀, 면접, 면접교섭, 영상통화"
574,,,,,
,,,,,
,,,,,
연번,원문,이지리드 문장,시각자료,명칭,검색어
,,,그림,,
,피고의 집 또는 피고가 책임질 수 있는 장소,피고의 집 또는 피고가 안전하게 만날 수 있는 장소,,면접교섭 장소,"이혼, 자녀, 면접, 면접교섭"
575,,,,,
,"인도방법 : 피신청인이 면접교섭을 위해 신청인에게 사건본인을 데려다 주고, 면접교섭 후 데리고 온다.",,그림,,
,,피신청인이 신청인에게 아이를 데려다 줘서 만난다. 만남이 끝나면 피신청인은 아이를 데려온다.,,,"이혼, 자녀, 면접, 면접교섭, 인도"
576,,,,면접교섭 인도방법,
,,,그림,,
,위 일정 및 시간은 사건본인의 상태에 따라 당사자의 협의 하에 늘릴 수 있다.,"아이와 만나는 일정이나 시간은 아이의 상태를 보고, 서로 상의하여 늘릴 수 있다.",,면접교섭 일정,"이혼, 자녀, 면접, 면접교섭"
577,,,,,
,면접교섭 일정을 변경하기 위해서는 면접교섭 3일 전까지 신청인과 피신청인이 협의하여야 한다.,,그림,,
,,만나는 일정을 바꾸려면 만나기로 한 날 ３일 전까지 상의하여 바꿔야 한다.,,면접교섭 일정변경 합의의무,"이혼, 자녀, 면접, 면접교섭"
578,,,,,
,면접교섭은 사건본인의 복리와 정서적 안정을 최대한 고려하여 실시하여야 한다.,아이가 행복하고 편안하게 자라는 것이 가장 중요하다. 아이의 입장에서 가장 좋은 방법으로 만나야 한다.,그림,,"이혼, 자녀, 면접, 면접교섭, 면접교섭자, 자의복리"
579,,,,면접교섭 사건본인의 복리,
,,,그림,,
,상대방은 다음과 같이 사건본인을 면접교섭한다.,,,,
580,,상대방은 다음과 같이 아이를 만날 수 있다.,,면접교섭,"이혼, 자녀, 면접"
,,,,,
,,,,,
연번,원문,이지리드 문장,시각자료,명칭,검색어
,사건본인들의 건전한 성장과 정서적 안정을 위하여 사건본인들이 성년에 달할 때까지 상대방의 면접교섭을 배제할 필요성이 있다.,,그림,,
,,,,,
581,,아이가 건강하게 자랄 수 있도록 아이가 어른이 될 때까지 만날 수 없다.,,면접교섭 배제,"이혼, 자녀, 면접"
,"청구인과 상대방은 혼인하여 슬하에 사건본인을 출산 하였고, 00. 00. 00.",청구인과 상대방은 결혼하여 아이를 낳았다. 그리고 00년 00월 00일에 이혼하면서 상대방이 아이의 친권자가 되었다.,그림,,
,이혼하면서 친권자로 상대방이 지정되었다.,,,,
582,,,,친권자 지정,"이혼, 자녀, 친권"
,,,그림,,
583,사건본인에 대한 친권자를 청구인으로 변경한다.,아이를 보호하는 사람을 청구인으로 바꾼다.,,친권자 변경,"이혼, 자녀, 친권"
,사건본인의 안정적인 성장과 복리를 위해서는 현 상태와 같이 상대방이 사건본인의 친권자가 되는 것이 바람직하다.,,그림,,
,,아이가 잘 자라기 위해서는 지금처럼 상대방이 친권자가 되는 것이 좋다.,,친권자 변경신청 기각,
584,,,,,"이혼, 자녀, 친권"
,사건본인의 안정적인 성장과 복리를 위해서는 현 상태와 같이 상대방이 사건본인을 양육하는 것이 바람직하다.,,그림,,
585,,아이가 잘 자라기 위해서는 지금처럼 상대방이 아이를 돌보는 것이 좋다.,,양육자 변경신청 기각,"이혼, 자녀, 친권"
,사건본인의 안정적인 성장과 복리를 위해서는 현 상태와 같이 상대방이 사건본인의 친권을 갖고 양육하는 것이 바람직하다.,,그림,,
,,아이가 잘 자라기 위해서는 지금처럼 상대방이 친권을 갖고 아이를 돌보는 것이 좋다.,,친권자 및 양육자 변경신청 기각,
586,,,,,"이혼, 자녀, 친권"
,,,,,
,,,,,
연번,원문,이지리드 문장,시각자료,명칭,검색어
,원고와 피고가 혼인생활 중에 공동의 노력으로 형성 또는 유지한 재산으로서 실질적으로 원고와 피고의 공동재산에 해당한다.,,그림,,
,,,,,
587,,원고와 피고가 결혼생활 동안 함께 만든 재산은 둘의 공동재산이다.,,공동재산,"이혼, 재산, 재산분할"
,혼인생활 중 발생한 채무로서 실질적으로 원고와 피고의 공동 재산에 해당하므로 재산분할의 대상이 된다.,,그림,,
,,원고와 피고가 같이 살면서 생긴 빚이 있다. 이혼하면서 재산을 나눌 때 빚도 같이 나눠야 한다.,,재산분할,
588,,,,(채무),"이혼, 재산, 채무"
,,,그림,,
,혼인생활이 파탄된 이후 형성된 재산은 원칙적으로 분할대상 재산은 아니다.,,,재산분할 대상 제외 (혼인파탄 후재산),
589,,결혼생활이 끝난 후에 생긴 재산은 나누지 않는다.,,,"이혼, 재산"
,"원고가 피고 차현진에게 000아파트를 이전해 주고, 피고가 원고에게 정산금 000원을 현금으로 지급하는 방법이 합리적인 재산분할 방법이다.",,그림,,
,,,,,
,,"원고가 피고에게 000아파트를 주고, 피고가 원고에게 000원을 주는 것이 재산을 가장 잘 나누는 것이다.",,,"이혼, 재산, 아파트"
590,,,,재산분할,
,,,그림,,
,,,,,
591,재산 분할,부부가 살면서 함께 모은 재산을 이혼할 때 나눈다.,,재산 분할2,"이혼, 재산"
,,,,,
,,,,,
연번,원문,이지리드 문장,시각자료,명칭,검색어
,,,그림,,
,분할대상 재산을 현재 보유하고 있는 명의대로 원고와 피고에게 각자 귀속시키기로 한다.,"원고 이름으로 된 재산은 원고가, 피고 이름으로 된 재산은 피고가 갖는다.",,,
592,,,,재산분할,"이혼, 재산, 각자재산"
,,,,(각자재산),
,재산분할 비율에 따라 원고에게 궁극적으로 귀속될 액수에 부족한 부분만큼의 차액을 정산하여 피고가 원고에게 돈을 지급하는 방식으로 분할함이 상당하다.,,그림,,
,,,,,
,,피고가 원고에게 부족한 만큼의 돈을 주면 된다.,,재산분할,"이혼, 재산, 차액"
593,,,,(차액 정산),
,원고와 피고는,,그림,,
,서로 상대방의 연금 일체에 대한 분할연금,원고와 피고는 서로 상대방의 연금을 받을 권리를 모두 포기한다.,,,"이혼, 재산, 재산분할, 연금"
594,수급권을 모두 포기 한다.,,,연금 포기,
,,,그림,,
,,,,,
595,각자 연금은 각자가 수령한다.,각자의 연금은 각자가 받는다.,,연금 각자 수령,"이혼, 재산, 재산분할, 연금"
,,,그림,,
,미성년후견감독인의 동의를 필요로 하는 행위,,,,
596,,미성년후견감독인의 동의가 필요한 일이다.,,미성년 후견감독,"후견, 후견인"
,,,,,
,,,,,
연번,원문,이지리드 문장,시각자료,명칭,검색어
,,,그림,,
,,가게를 운영하거나 제품을 판매하는 일,,후견,
597,영업에 관한 행위,,,(영업활동),"후견, 후견인"
,,,그림,,
,,,,후견,
598,금전을 빌리는 행위,돈을 빌리는 일,,(채무),"후견, 후견인"
,,,그림,,
,의무만을 부담하는 행위,다른 사람에게 책임이나 의무를 주는 일,,후견,
599,,,,(채무 변제),"후견, 후견인"
,,,그림,,
,부동산 또는 중요한 재산에 관한 권리의 득실변경을 목적으로 하는 행위,"부동산, 중요한 재산을 팔거나 받는 일",,후견,
600,,,,(재산),"후견, 후견인"
,,,그림,,
,,,,후견,
601,소송행위,법적인 문제를 해결하기 위해 소송하는 일,,(소송),"후견, 후견인"
,,,그림,,
,"상속의 승인, 한정승인 또는 포기 및 상속재산분할에 관한 협의",,,후견,
602,,가족이 죽었을 때 재산과 빚을 물려받을지 결정하는 것,,(상속),"후견, 후견인"
,,,,,
,,,,,
연번,원문,이지리드 문장,시각자료,명칭,검색어
,,,그림,,
,"친권자가 정한 교육 방법, 양육방법 또는 거소를 변경하는 경우",,,,
603,,"부모가 정한 교육이나 양육 방법, 사는 곳을 바꾸는 일",,후견,"후견, 후견인"
,,,,(이사),
,,,그림,,
,,,,,
604,친권자가 허락한 영업을 취소하거나 제한하는 경우,부모가 허락한 영업을 취소하거나 그만두게 하는 일,,후견,"후견, 후견인"
,,,,(영업 취소),
,원고와 피고는 00.,,그림,,
,"00. 00. 결혼식을 올리고, 그 무렵부터 동거생활을 하면서 사실혼",,,,
605,관계를 시작했다.,원고와 피고는 부부처럼 같이 살았다. 그러나 혼인신고는 하지 않았다.,,사실혼,"동거, 혼인"
,원고와 피고는 00.,,그림,,
,00. 00. 결혼식을,원고와 피고는 00년 00월 00일에 결혼식을 한 후 00년,,,
606,올린 때로부터 00.,"00월 00일에 따로 살 때까지, 약 00달 동안 혼인신고를 하지 않은 채로부부로 지냈다.",,사실혼기간,"동거, 혼인, 사실혼"
,00. 00.경 별거에 이르기까지 약 00개월간 사실혼 관계를 유지하였다.,,,,
,,,그림,,
,상대방은 청구인에게 부양료로 00. 00.,상대방은 00년 00월 00일부터 청구인이 죽기 전까지 한 달에 00원을 매달 말일에 돌봄 비용으로 줘야 한다.,,,
607,00.부터 청구인이 사망에 이르기까지 월 00원을 매월 말일에 지급하라.,,,부양료 (사망시 까지),"부양료, 사망"
,,,,,
,,,,,
연번,원문,이지리드 문장,시각자료,명칭,검색어
,"청구인의 상태, 생활환경, 청구인이 생활을 유지하기 위해 지출되고 있는 비용, 청구인의 아버지인 상대방의 소득, 재산",,그림,,
,"상태 등을 종합하여 보면, 청구인은 자력 또는 근로에 의하여 생활을 유지할 수 없는 것으로 보인다.",,,,
,,"청구인의 건강상태, 생활환경, 지출 비용과 청구인 아버지의 소득, 재산상황을 살펴볼 때, 청구인은 혼자 일하며 생활하기 어려운 것으로 보인다.",,,
,,,,,
608,,,,부양료 지급,"부양료, 생활비"
,,,그림,,
,,,,,
609,상대방은 청구인에게 부양료를 지급할 의무가 있다.,상대방은 청구인이 생활하는 데 필요한 돈을 줘야 한다.,,부양료 지급 의무,"부양료, 생활비"
,"청구인이 제출한 자료만으로는 청구인이 상대방 으로부터 부양을 받지 아니하면 생활을 유지할 수 없을 정도로 궁핍한 상황에 있다거나, 상대방으로부터 부양을 받아야 할 필요성이 있다고 보기도 어렵다.",,그림,,
,,,,,
,,,,,
,,스스로 생활할 능력이 있다. 상대방이 생활비를 줄 필요 없다.,,,
610,,,,부양료 미지급,"부양료, 생활비"
,사건본인은,,그림,,
,00.00.00,"사건본인은 00년 00월 00일에 죽었고, 청구인 및 상대방은 사건본인의 재산을 물려받았다.",,,
611,"사망하였고, 이로 인하여 사건본인의 법정상속인인 청구인 및 상대방은 사건본인의 재산을 상속하였다.",,,상속재산 분할,"상속, 법정 상속인"
,,,,,
,,,,,
연번,원문,이지리드 문장,시각자료,명칭,검색어
,신청인과 사건본인 사이의 이 법원 00느합0 상속재산분할 사건에 관하여 김000을 사건본인의 특별대리인으로 선임한다.,,그림,,
,,신청인과 사건본인이 상속재산을 어떻게 나눌 것인지에 대한 소송에서 김00은 사건본인의 대리인이 된다.,,,
612,,,,특별대리인,"상속, 대리인"
,이 사건 소송 계속 중에도 원고와 피고 사이에 제대로 된 의사소통이 이루어 지지 않고 있다.,,그림,,
,,이 소송이 진행되는 동안에도 원고와 피고는 대화를 제대로 나누지 않고 있다.,,재판상 파양,
613,,,,(대화 부족),"입양, 파양"
,그럼에도 불구하고 피고는 원고들과의 관계 개선을 위한 적극적인 노력을 전혀 하지 않고 있다.,,그림,재판상 파양,
,,피고는 원고와 관계가 좋아지기 위한 노력을 하지 않고 있다.,,"(관계 개선 노력 없음, 남자)",
614,,,,,"입양, 파양"
,그럼에도 불구하고 피고는 원고들과의 관계 개선을 위한 적극적인 노력을 전혀 하지 않고 있다.,,그림,재판상 파양,
615,,피고는 원고와 관계가 좋아지기 위한 노력을 하지 않고 있다.,,"(관계 개선 노력 없음, 여자)","입양, 파양"
,원고들과 피고가 양친자관계를 계속 유지한다 하더라도 양측에 정신적인 고통만을 더하게 될 염려가 있다.,,그림,재판상 파양 (정신적 고통),
616,,원고와 피고가 계속 부모 자식 관계로 지내면 서로에게 정신적으로 고통만 줄 것이다.,,,"입양, 파양, 정신적 고통"
,,,그림,,
,원고와 피고들은 파양하기로 합의하였다.,피고는 자신이 입양한 원고와의 관계를 끊기로 하였다. 이제 둘은 부모자식 관계가 아니다.,,,"파양, 입양 취소, 친생자, 친자식"
617,,,,파양 합의,
,,,,,
,,,,,
연번,원문,이지리드 문장,시각자료,명칭,검색어
,,,그림,,
,,,,,
,원고들과 피고 사이에 친생자관계가 존재하지 아니함을 확인한다.,원고들은 피고의 친자식이 아니다.,,친생자관계 부존재확인 (원고 2명),"친생자, 친자식"
618,,,,,
,,,그림,,
,,,,,
,원고와 피고 사이에 친생자관계가 존재하지 아니함을 확인한다.,,,친생자관계 부존재확인 (원고 1명),
619,,원고는 피고의 친자식이 아니다.,,,"친생자, 친자식"
,,,그림,,
,유전자검사결과에 의하면 원고와 피고 사이에 친생자관계가 성립하지 않는다.,"유전자 검사 결과에 따르면, 원고는 피고의 친자식이 아니다.",,친생자관계 부존재 (유전자 검사),"친생자, 친자식, 유전자 검사"
620,,,,,
,,,그림,,
,원고와 망000 사이에 친생자관계가 존재함을 확인한다.,,,"친생자관계 존재확인 (유전자 검사, 엄마)","친생자, 친자식, 유전자 검사"
621,,원고의 친엄마는 피고가 아니라 망000다.,,,
,유전자검사결과에 의하면 원고와 망 000의 모인 *** 사이에 동일 모계에 의한 혈연관계가 성립한다.,,그림,,
,,"유전자 검사 결과에 따르면, 망00의 어머니인 ***이 원고의 할머니다.",,"친생자관계 존재확인 (유전자 검사, 모계)","친생자, 친자식, 유전자 검사"
622,,,,,
,,,,,
,,,,,
연번,원문,이지리드 문장,시각자료,명칭,검색어
,,,그림,,
,사건본인이 피고의 친생자임을 부인한다.,,,,
623,,원고는 사건본인이 피고의 친자식이 아니라고 주장한다.,,친생부인,"친생자, 친자식"
,원고는 김00과 사이에 사건본인을 임신하여 00. 00. 00. 사건본인을 출산하였다.,,그림,,
,,원고는 남편이 아닌 김00과 관계하여 이민수(사건본인)를 낳았다.,,친생부인,"친생자, 친자식"
624,,,,(혼외자),
,피고와 사건본인 사이에는 친생자관계가 존재하지 아니함이 명백하다.,,그림,,
,,이민수(사건본인)는 피고의 친자식이 아니다.,,친생부인 (유전자 검사),"친생자, 친자식, 유전자 검사"
625,,,,,
,,,그림,,
626,사건본인이 피고의 친생자임을 인지한다.,김이박(사건본인)을 피고의 친아들로 인정한다.,,인지,"친생자, 친자식, 친아들"
,,,,(아들),
,,,그림,,
,사건본인이 피고의 친생자임을 인지한다.,김이박(사건본인)을 피고의 친딸로 인정한다.,,인지,"친생자, 친자식, 친아들"
627,,,,(딸),
,원고는 이00과 혼인신고 하기 전인,,그림,,
,00. 00. 00. 피고를,원고는 혼인신고 하기 전인 00년 00월 00일에 피고를 자신의 친자식으로 인정하였다.,,인지,
628,원고의 친생자로 인지하였다.,,,(혼인 전),"친생자, 친자식"
,,,,,
,,,,,
연번,원문,이지리드 문장,시각자료,명칭,검색어
,,,그림,,
,사건본인을 청구인들의 친양자로 한다.,김이박(사건본인)을 청구인들이 친자식처럼 입양한 것으로 한다.,,친양자 입양,
629,,,,,"입양, 친양자"
,,,그림,,
,원고와 피고는 친양자 관계를 파양한다.,,,,
630,,친양자와 양부모 및 그 친척들과의 관계를 끊는다,,파양,"입양, 파양"
,,,그림,,
,,사건본인에 대한 성년후견을 시작한다. 앞으로 성년후견인이 사건본인의 중요한 결정을 대신한다.,,,
631,"사건본인에 대하여 성년(한정, 특정) 후견을 개시한다.",,,후견 개시,"후견, 성년후견, 후견인"
,,,그림,,
,사건본인이 정신적 제약으로 인하여 사무를 처리할 수 있는 능력이 지속적으로 결여된 사실을 인정할 수 있다.,,,,
,,사건본인이 생각하고 판단하는데 어려움이 있어 업무를 처리할 능력이 계속 없다.,,성년후견 (사무처리 능력 결여),
632,,,,,"후견, 사무처리능력"
,"사건본인의 심신상태, 감호상황, 가족관계, 재산내역과 그 관리현황 등을 고려하여 성년후견인으로 A를 선임한다.",,그림,,
,,,,,"후견, 성년후견, 후견인, 후견 선임"
633,,여러가지를 생각하여 A를 성년후견인으로 정한다.,,성년후견인 선임,
,,,,,
,,,,,
연번,원문,이지리드 문장,시각자료,명칭,검색어
,,,그림,,
,피고가 00년 0월 0일 원고에게 한 장해급여부지급 처분을 취소한다.,서울시장이 장해 급여를 주지 말라고 한 결정을 취소한다. 장해 급여는 장애 등에 따라 주는 돈을 말한다.,,장해급여부 지급 취소,
634,,,,,장해급여
,피고가 원고에게 한 00년 0월 0일자 장애 미해당 판정과,"원고는 00년 0월 0일에 장애 미해당 판정을, 00년 0월 0일에 장애등록 취소 처분을 받았다. 하지만 이 처분을 취소하고, 원고의 장애 등록을 인정한다.",그림,,
635,00년 0월 0일자 장애등록취소 처분을 모두 취소한다.,,,장애등록 취소처분 취소,장애등록
,,,그림,,
,,,,,
636,피고가 원고에게 한 장애등급결정처분을 취소한다.,피고가 원고에게 준 장애등급을 취소한다.,,장애등급 결정처분 취소,장애등급
,,,그림,,
,피청구인이 청구인에게 한 처분을 취소한다.,,,,
637,,처분을 취소한다.,,처분 취소,"처분, 취소"
,처분의 집행을 처분취소 사건의 판결 선고일부터 30일이 되는 날까지 정지한다.,,그림,,
638,,취소소송이 끝날 때까지 처분에 따른 진행을 멈춘다.,,처분집행 정지,"처분, 집행 정지"
,,,그림,,
,법무부장관이 장애인 차별 시정명령을 하였다.,법무부장관이 장애인을 차별하지 말라고 지시했다.,,장애인차별 시정,"장애인 차별, 시정명령"
639,,,,,
,,,,,
,,,,,
연번,원문,이지리드 문장,시각자료,명칭,검색어
,,,그림,,
,,,,,
640,장애정도결정처분,경증 장애인이다.,,경증 장애,"장애 정도, 경증"
,,,그림,,
,,,,,
641,장애정도결정처분,중증 장애인이다.,,중증 장애,"장애 정도, 중증"
,피청구인이 청구인에게 한 ‘전학’ 처분을 ‘출석정지 10일’ 처분으로 변경한다.,피청구인이 청구인에게 전학을 가야한다고 결정한 것은 취소한다.,그림,,
,,대신 학교에 10일 동안 가지 못한다.,,학교폭력 처분 변경,"학교, 전학, 학폭, 출석정지"
642,,,,,
,,,그림,,
643,학교폭력 조치결정,학교 폭력을 저지른 것에 대해 편지를 써서 사과해야 한다.,,학교폭력 조치,"학교, 학교폭력"
,,,,(서면 사과),
,,"피해자를 만나거나, 겁주면 안 된다. 피해자가 학교 폭력을 신고했다고 괴롭혀서도 안 된다.",그림,학교폭력 조치 (보복 행위의 금지),
644,학교폭력 조치결정,,,,"학교, 학교폭력, 보복행위"
,,,그림,,
,,,,학교폭력 조치 (학교봉사),"학교폭력, 봉사"
645,학교폭력 조치결정,학교 안에서 봉사활동을 한다.,,,
,,,,,
,,,,,
연번,원문,이지리드 문장,시각자료,명칭,검색어
,,,그림,,
,,,,학교폭력 조치 (사회봉사),"학교폭력, 봉사"
646,학교폭력 조치결정,학교 밖에서 봉사활동을 한다.,,,
,,,그림,,
,,학교에서 폭력을 쓰지 않도록 특별교육을 받는다. 학교에서 폭력을 쓰지 않도록 상담치료를 받는다.,,학교폭력 조치 (특별교육),"학교폭력, 교육, 치료"
647,학교폭력 조치결정,,,,
,,,그림,,
,,,,,
648,학교폭력 조치결정,일정 기간 동안 학교에 오지 못한다.,,출석 정지,"학교, 학교폭력"
,,,그림,,
,,,,,
649,학교폭력 조치결정,다른 반으로 옮긴다.,,학급 교체,학교폭력
,,,그림,,
650,학교폭력 조치결정,다른 학교로 옮긴다.,,전학,학교폭력
,,,그림,,
,,,,,
651,학교폭력 조치결정,학교를 더 다닐 수 없다.,,퇴학,학교폭력
,,,,,
,,,,,
연번,원문,이지리드 문장,시각자료,명칭,검색어
,,행정청이 한 처분이 크게 잘못되었고 그 잘못이 분명하다.,그림,,
652,행정행위의 하자가 중대하고 명백하면 무효다.,그래서 처분은 무효이다.,,행정행위 무효,"행정청, 처분, 무효"
,,,그림,,
653,재량권의 범위를 일탈하였다.,행정기관이 가진 권한을 넘어서 적절하지 않은 결정을 내렸다.,,재량의 일탈,"행정기관, 재량권, 일탈"
,,,그림,,
654,재량권의 범위를 남용하였다.,행정기관이 권한을 함부로사용했다.,,재량의 남용,"행정기관, 재량, 남용"
,,,그림,,
,,,,,
,이 사건 소를 취하한다.,,,,
655,,이 소송은 없었던 일로 합니다.,,소취하,"소송, 취하"
,,,그림,,
,,행정청의 처분을 그대로 유지한다.,,,
656,행정처분 유지,,,처분유지,"행정청, 처분"
,,,그림,,
,,,,장애등록 신청,
657,장애등록 신청,장애인 등록 신청을 했다.,,,장애등록
,,,,,
,,,,,
연번,원문,이지리드 문장,시각자료,명칭,검색어
,,,그림,,
,,,,장애등록 신청 불가 판정,
658,장애 등급 외 결정 통보를 했다.,00시장이 장애인 등록을 받아줄 수 없다는 결정을 했다.,,,"장애등록, 등급 외"
,,,그림,,
,,,,,
659,부당해고,직장에서 억울하게 잘렸다.,,부당해고,"직장, 해고"
,,,그림,,
,,,,,
660,장해급여 환수처분,"정부, 행정기관이 잘못 지급한 장애 급여를 다시 돌려받는다.",,환수처분,"장해급여, 환수"
,,,그림,,
,,,,,
661,불합격 처분을 취소한다.,불합격을 취소한다.,,불합격 처분 취소,"불합격, 취소"
